-- Generated by scripts/export_supabase_seed.py
-- Source: production Supabase (Shopping Memo)

SET session_replication_role = replica;

-- auth.users: preserve production passwords for local login
INSERT INTO auth.users (
  instance_id, id, aud, role, email, encrypted_password, email_confirmed_at,
  invited_at, confirmation_token, confirmation_sent_at, recovery_token,
  recovery_sent_at, email_change_token_new, email_change, email_change_sent_at,
  last_sign_in_at, raw_app_meta_data, raw_user_meta_data, is_super_admin,
  created_at, updated_at, phone, phone_confirmed_at, phone_change,
  phone_change_token, phone_change_sent_at, email_change_token_current,
  email_change_confirm_status, banned_until, reauthentication_token,
  reauthentication_sent_at, is_sso_user, deleted_at, is_anonymous
) VALUES
('00000000-0000-0000-0000-000000000000'::uuid, '2e962ef9-d902-46db-ba2b-1f339b12a4f3', 'authenticated', 'authenticated', 'thanhtaimrjoe@gmail.com', '$2a$10$wbrVqRAiJnlUjICyvHO6cOJ7fLixNI/ryNeTPzom9SVTOfleWtIfG', '2026-05-09T17:52:55.581462+00:00', NULL, '', NULL, '', NULL, '', '', NULL, NULL, '{"provider": "email", "providers": ["email"]}'::jsonb, '{"email_verified": true}'::jsonb, NULL, '2026-05-09T17:52:55.550295+00:00', '2026-05-23T08:18:01.740463+00:00', NULL, NULL, '', '', NULL, '', 0, NULL, '', NULL, false, NULL, false),
('00000000-0000-0000-0000-000000000000'::uuid, '25a3c25f-1576-4d83-b875-3dc3cadd874d', 'authenticated', 'authenticated', 'hue.yurina@gmail.com', '$2a$10$ur655s/x6C9osPUFh814dOomk1jvw9Bocq325WhZkFECQkUv7nlZm', '2026-05-14T14:39:25.224018+00:00', NULL, '', NULL, '', NULL, '', '', NULL, NULL, '{"provider": "email", "providers": ["email"]}'::jsonb, '{"sub": "25a3c25f-1576-4d83-b875-3dc3cadd874d", "email": "hue.yurina@gmail.com", "email_verified": true, "phone_verified": false}'::jsonb, NULL, '2026-05-14T14:39:13.369609+00:00', '2026-05-14T14:39:25.243509+00:00', NULL, NULL, '', '', NULL, '', 0, NULL, '', NULL, false, NULL, false)
ON CONFLICT (id) DO NOTHING;

INSERT INTO auth.identities (id, user_id, provider_id, identity_data, provider, last_sign_in_at, created_at, updated_at)
VALUES
('5562410f-4bdc-4df4-baf5-0dab3549e218', '2e962ef9-d902-46db-ba2b-1f339b12a4f3', '2e962ef9-d902-46db-ba2b-1f339b12a4f3', '{"sub": "2e962ef9-d902-46db-ba2b-1f339b12a4f3", "email": "thanhtaimrjoe@gmail.com", "email_verified": false, "phone_verified": false}'::jsonb, 'email', '2026-05-09T17:52:55.567864+00:00', '2026-05-09T17:52:55.568249+00:00', '2026-05-09T17:52:55.568249+00:00'),
('3147bde3-cac8-48de-9188-d22ba682a850', '25a3c25f-1576-4d83-b875-3dc3cadd874d', '25a3c25f-1576-4d83-b875-3dc3cadd874d', '{"sub": "25a3c25f-1576-4d83-b875-3dc3cadd874d", "email": "hue.yurina@gmail.com", "email_verified": true, "phone_verified": false}'::jsonb, 'email', '2026-05-14T14:39:13.387746+00:00', '2026-05-14T14:39:13.387813+00:00', '2026-05-14T14:39:13.387813+00:00')
ON CONFLICT (id) DO NOTHING;

-- public.meals: 45 rows
INSERT INTO public.meals (id, name, ingredients, created_at, updated_at, user_id, deleted_at)
VALUES
  ('03213364-7b91-4db4-b07d-7be8926d0751', 'Rau luộc', '["Rau"]'::jsonb, '2026-05-01T16:11:08.555143+00:00', '2026-05-09T18:03:03.744274+00:00', '2e962ef9-d902-46db-ba2b-1f339b12a4f3', NULL),
  ('1e7da5b1-ac78-42b3-a93a-9737124159ca', 'Thịt gà hầm củ', '["Thịt gà", "cà rốt", "khoai lang", "hành tây"]'::jsonb, '2026-04-27T07:05:39.604026+00:00', '2026-05-09T18:03:03.744274+00:00', '2e962ef9-d902-46db-ba2b-1f339b12a4f3', NULL),
  ('646d9871-a229-422c-a5b8-27950a3a2798', 'Gà kho xả', '["Thịt gà", "Xả"]'::jsonb, '2026-04-11T22:34:53.717305+00:00', '2026-05-09T18:03:03.744274+00:00', '2e962ef9-d902-46db-ba2b-1f339b12a4f3', NULL),
  ('10de8a01-52c2-4def-8640-4f39728d767c', 'Gà chiên nước mắm nấm đùi gà', '["Thịt gà", "Nấm đùi gà"]'::jsonb, '2026-04-05T05:10:39.729204+00:00', '2026-05-09T18:03:03.744274+00:00', '2e962ef9-d902-46db-ba2b-1f339b12a4f3', NULL),
  ('56a2f5cd-856d-4dbb-9df5-b13c6d0b8c03', 'Lạp xưởng chiên', '["Lạp xưởng"]'::jsonb, '2026-03-28T03:28:47.665431+00:00', '2026-05-09T18:03:03.744274+00:00', '2e962ef9-d902-46db-ba2b-1f339b12a4f3', NULL),
  ('56a2f5cd-856d-4dbb-9df5-b13c6d0b8c06', 'Thịt gà xào', '["Thịt gà", "Rau"]'::jsonb, '2026-03-28T03:28:47.665431+00:00', '2026-05-09T18:03:03.744274+00:00', '2e962ef9-d902-46db-ba2b-1f339b12a4f3', NULL),
  ('6ab1f5c0-cc52-414b-ab04-6e9cd6907901', 'Rau củ ngâm mắm', '["Hộp rau củ ngâm mắm"]'::jsonb, '2026-05-01T16:13:36.983896+00:00', '2026-05-09T18:03:03.744274+00:00', '2e962ef9-d902-46db-ba2b-1f339b12a4f3', NULL),
  ('1429261b-85ab-466a-bb7e-fdab0c3ade32', 'sadasdasd', '["ádasd"]'::jsonb, '2026-05-18T09:33:39.665118+00:00', '2026-05-18T09:33:43.592727+00:00', '2e962ef9-d902-46db-ba2b-1f339b12a4f3', 'other', '2026-05-18T09:33:41.259022+00:00'),
  ('1e615a53-eb82-4dfe-a786-95867ee71ce4', 'Hải sản xào thập cẩm', '["Mực", "ớt chuông", "đậu bắp", "hành tây"]'::jsonb, '2026-03-28T04:28:43.405204+00:00', '2026-05-09T18:03:03.744274+00:00', '2e962ef9-d902-46db-ba2b-1f339b12a4f3', NULL),
  ('56a2f5cd-856d-4dbb-9df5-b13c6d0b8c02', 'Canh khoai ngọt', '["Khoai ngọt"]'::jsonb, '2026-03-28T03:28:47.665431+00:00', '2026-05-09T18:03:03.744274+00:00', '2e962ef9-d902-46db-ba2b-1f339b12a4f3', NULL),
  ('56a2f5cd-856d-4dbb-9df5-b13c6d0b8c05', 'Xúc xích xào bông cải xanh', '["Xúc xích", "Bông cải xanh"]'::jsonb, '2026-03-28T03:28:47.665431+00:00', '2026-05-09T18:03:03.744274+00:00', '2e962ef9-d902-46db-ba2b-1f339b12a4f3', NULL),
  ('56a2f5cd-856d-4dbb-9df5-b13c6d0b8c07', 'Canh củ hầm thịt', '["Sườn heo", "Củ dền", "Khoai tây", "Cà rốt"]'::jsonb, '2026-03-28T03:28:47.665431+00:00', '2026-05-09T18:03:03.744274+00:00', '2e962ef9-d902-46db-ba2b-1f339b12a4f3', NULL),
  ('56a2f5cd-856d-4dbb-9df5-b13c6d0b8c04', 'Canh rong biển tàu hủ', '["Rong biển", "Tàu hủ"]'::jsonb, '2026-03-28T03:28:47.665431+00:00', '2026-05-09T18:03:03.744274+00:00', '2e962ef9-d902-46db-ba2b-1f339b12a4f3', NULL),
  ('a27bfcbd-7fe3-4872-8240-311fe185f199', 'Chả rế chiên', '["Hộp chả rế"]'::jsonb, '2026-05-01T16:14:55.448596+00:00', '2026-05-09T18:03:03.744274+00:00', '2e962ef9-d902-46db-ba2b-1f339b12a4f3', NULL),
  ('646bd19e-13bd-46c9-9ddd-fe24fa8b901f', 'Thịt kho nấm đông cô', '["Thịt heo", "Nấm đông cô"]'::jsonb, '2026-04-05T05:09:02.844435+00:00', '2026-05-09T18:03:03.744274+00:00', '2e962ef9-d902-46db-ba2b-1f339b12a4f3', NULL),
  ('6c245ad1-7b8f-4d84-bba2-0847d52cc648', '餃子', '["Bịt 餃子"]'::jsonb, '2026-03-28T04:28:43.405204+00:00', '2026-05-09T18:03:03.744274+00:00', '2e962ef9-d902-46db-ba2b-1f339b12a4f3', NULL),
  ('265db881-f4bc-451c-95b7-e9825f18dd1b', 'Canh cải ngọt', '["Cải ngọt", "tàu hủ"]'::jsonb, '2026-03-28T04:28:43.405204+00:00', '2026-05-09T18:03:03.744274+00:00', '2e962ef9-d902-46db-ba2b-1f339b12a4f3', NULL),
  ('454a063c-f1ec-4fea-8c73-f2c272bc3411', 'Cơm chiên viên châu', '["Bịt cơm chiên", "lạp xưởng"]'::jsonb, '2026-03-28T04:28:43.405204+00:00', '2026-05-09T18:03:03.744274+00:00', '2e962ef9-d902-46db-ba2b-1f339b12a4f3', NULL),
  ('cb89649b-6bd5-4a13-bfe5-d61ebed1663d', 'Trứng chiên cuộn', '["Trứng 4 quả"]'::jsonb, '2026-03-28T04:28:43.405204+00:00', '2026-05-09T18:03:03.744274+00:00', '2e962ef9-d902-46db-ba2b-1f339b12a4f3', NULL),
  ('3f469ef8-f6e6-4874-9ddb-3db77c917154', 'Combo lẩu', '["Lườn cá hồi", "xúc xích", "khay nấm", "khay canh chua", "bịt gia vị lẩu thái"]'::jsonb, '2026-03-28T04:28:43.405204+00:00', '2026-05-09T18:03:03.744274+00:00', '2e962ef9-d902-46db-ba2b-1f339b12a4f3', NULL),
  ('fc022a0b-cb44-4dd9-9448-a4106fab3dbb', 'Gà chiên nước mắm', '["Thịt gà"]'::jsonb, '2026-03-28T04:28:43.405204+00:00', '2026-05-09T18:03:03.744274+00:00', '2e962ef9-d902-46db-ba2b-1f339b12a4f3', NULL),
  ('0d0f771a-31a7-4580-baa0-79e800aed83d', 'Canh bí đao', '["bí đao", "tàu hủ"]'::jsonb, '2026-03-28T04:28:43.405204+00:00', '2026-05-09T18:03:03.744274+00:00', '2e962ef9-d902-46db-ba2b-1f339b12a4f3', NULL),
  ('5407aded-73cc-4ec2-ab2c-da03b539f8a3', 'Cá hồi chiên', '["Cá hồi"]'::jsonb, '2026-03-28T04:28:43.405204+00:00', '2026-05-09T18:03:03.744274+00:00', '2e962ef9-d902-46db-ba2b-1f339b12a4f3', NULL),
  ('75d8d913-6d6e-4363-941b-77da782e08f3', 'Canh bó xôi', '["Rau bó xôi"]'::jsonb, '2026-03-28T04:28:43.405204+00:00', '2026-05-09T18:03:03.744274+00:00', '2e962ef9-d902-46db-ba2b-1f339b12a4f3', NULL),
  ('e06ea7fd-b529-45a9-9407-8bffa2b03572', 'Canh cà chua trứng', '["Cà chua", "trứng"]'::jsonb, '2026-03-28T04:28:43.405204+00:00', '2026-05-09T18:03:03.744274+00:00', '2e962ef9-d902-46db-ba2b-1f339b12a4f3', NULL),
  ('8f24f08b-e3e9-4774-ac6f-1763dce6f22f', 'Canh cải thìa', '["Cải thìa"]'::jsonb, '2026-03-28T04:28:43.405204+00:00', '2026-05-09T18:03:03.744274+00:00', '2e962ef9-d902-46db-ba2b-1f339b12a4f3', NULL),
  ('c2e5bd31-b877-4add-a553-a082600e3b65', 'Thịt xào su su cà rốt', '["Thịt heo cắt lát", "Su su", "Cà rốt"]'::jsonb, '2026-03-28T04:28:43.405204+00:00', '2026-05-09T18:03:03.744274+00:00', '2e962ef9-d902-46db-ba2b-1f339b12a4f3', NULL),
  ('31d09a87-7f52-4a02-ac36-7e1ebc28f59d', 'Thịt luộc', '["Thịt heo"]'::jsonb, '2026-03-28T04:28:43.405204+00:00', '2026-05-09T18:03:03.744274+00:00', '2e962ef9-d902-46db-ba2b-1f339b12a4f3', NULL),
  ('254d959c-95b1-41c4-9f2b-30845af53a29', 'Canh bồ ngót mix mướp/rau dền', '["Rau bồ ngót", "rau dền", "mướp"]'::jsonb, '2026-03-28T04:28:43.405204+00:00', '2026-05-09T18:03:03.744274+00:00', '2e962ef9-d902-46db-ba2b-1f339b12a4f3', NULL),
  ('77abfb0a-63cc-4236-b0f7-79125b91c54e', 'Canh bí đỏ', '["bí đỏ", "tàu hủ"]'::jsonb, '2026-03-28T04:28:43.405204+00:00', '2026-05-09T18:03:03.744274+00:00', '2e962ef9-d902-46db-ba2b-1f339b12a4f3', NULL),
  ('fc04264e-0f34-432a-8732-37ec5b13f66e', 'Thịt bò hầm củ', '["Thịt bò", "cà rốt", "khoai lang", "hành tây"]'::jsonb, '2026-03-28T04:28:43.405204+00:00', '2026-05-09T18:03:03.744274+00:00', '2e962ef9-d902-46db-ba2b-1f339b12a4f3', NULL),
  ('1e25e8ff-01f6-4960-8db4-02e6d88cc86a', 'Trứng xào version 1', '["Bí ngòi", "Su su", "Trứng chiên"]'::jsonb, '2026-03-28T04:28:43.405204+00:00', '2026-05-09T18:03:03.744274+00:00', '2e962ef9-d902-46db-ba2b-1f339b12a4f3', NULL),
  ('eb306efb-7cd2-446e-9a0e-4a8c3b6649f2', 'Thịt kho khóm', '["Thịt heo", "khóm", "hành lá"]'::jsonb, '2026-03-28T04:28:43.405204+00:00', '2026-05-09T18:03:03.744274+00:00', '2e962ef9-d902-46db-ba2b-1f339b12a4f3', NULL),
  ('27d3a562-191c-4ce8-b256-af15fc34b6f6', 'Canh măng', '["Măng"]'::jsonb, '2026-03-28T04:28:43.405204+00:00', '2026-05-09T18:03:03.744274+00:00', '2e962ef9-d902-46db-ba2b-1f339b12a4f3', NULL),
  ('aafc3155-09c4-4052-87be-a5944deaf59b', 'Bò viên', '["Bò viên"]'::jsonb, '2026-03-28T04:28:43.405204+00:00', '2026-05-09T18:03:03.744274+00:00', '2e962ef9-d902-46db-ba2b-1f339b12a4f3', NULL),
  ('dabf7905-68b9-4529-ab59-576ad767653a', 'Xúc xích xào ớt chuông', '["Xúc xích", "ớt chuông"]'::jsonb, '2026-03-28T04:28:43.405204+00:00', '2026-05-09T18:03:03.744274+00:00', '2e962ef9-d902-46db-ba2b-1f339b12a4f3', NULL),
  ('c2201cf1-16a6-4b2d-8794-c31473a5be9e', 'Rau muống xào tỏi', '["Rau muống", "tỏi"]'::jsonb, '2026-03-28T04:28:43.405204+00:00', '2026-05-09T18:03:03.744274+00:00', '2e962ef9-d902-46db-ba2b-1f339b12a4f3', NULL),
  ('91aa761b-c342-495e-8657-3bc16d860350', 'Mandu', '["Mandu"]'::jsonb, '2026-03-28T04:28:43.405204+00:00', '2026-05-09T18:03:03.744274+00:00', '2e962ef9-d902-46db-ba2b-1f339b12a4f3', NULL),
  ('d57f4613-4cdc-468c-8eb7-e23cb7b069c9', 'Tàu hủ sốt cà chua, trứng', '["tàu hủ", "cà chua", "trứng"]'::jsonb, '2026-03-28T04:28:43.405204+00:00', '2026-05-09T18:03:03.744274+00:00', '2e962ef9-d902-46db-ba2b-1f339b12a4f3', NULL),
  ('e87748b4-d059-4342-9efb-0a1815185430', 'Cốt lếch gam', '["Cốt lếch heo"]'::jsonb, '2026-03-28T04:28:43.405204+00:00', '2026-05-09T18:03:03.744274+00:00', '2e962ef9-d902-46db-ba2b-1f339b12a4f3', NULL),
  ('1337b84c-4996-41ce-8605-d7b1564eb9ba', 'Cá basa chiên', '["Cá basa"]'::jsonb, '2026-03-28T03:37:05.459615+00:00', '2026-05-09T18:03:03.744274+00:00', '2e962ef9-d902-46db-ba2b-1f339b12a4f3', NULL),
  ('56a2f5cd-856d-4dbb-9df5-b13c6d0b8c0a', 'Salad', '["Ớt chuông", "Rau hỗn hợp", "Sốt mè rang", "Thịt luộc"]'::jsonb, '2026-03-28T03:28:47.665431+00:00', '2026-05-09T18:03:03.744274+00:00', '2e962ef9-d902-46db-ba2b-1f339b12a4f3', NULL),
  ('56a2f5cd-856d-4dbb-9df5-b13c6d0b8c09', 'Trứng xào version 2', '["Trứng chiên", "Nấm đùi gà", "Hành tây", "Đậu bắp"]'::jsonb, '2026-03-28T03:28:47.665431+00:00', '2026-05-09T18:03:03.744274+00:00', '2e962ef9-d902-46db-ba2b-1f339b12a4f3', NULL),
  ('56a2f5cd-856d-4dbb-9df5-b13c6d0b8c08', 'Cá kho khóm', '["Cá", "Khóm", "Hành lá"]'::jsonb, '2026-03-28T03:28:47.665431+00:00', '2026-05-09T18:03:03.744274+00:00', '2e962ef9-d902-46db-ba2b-1f339b12a4f3', NULL),
  ('56a2f5cd-856d-4dbb-9df5-b13c6d0b8c01', 'Thịt kho', '["Thịt heo", "Hành lá"]'::jsonb, '2026-03-28T03:28:47.665431+00:00', '2026-05-09T18:03:03.744274+00:00', '2e962ef9-d902-46db-ba2b-1f339b12a4f3', NULL)
ON CONFLICT DO NOTHING;

-- public.products: 80 rows
INSERT INTO public.products (id, name, image_url, created_at, updated_at, user_id, deleted_at)
VALUES
  ('1c38fca2-b328-4e28-8310-b798e68a998b', 'Bánh flan', 'https://akyxznfvwogxhcwocukj.supabase.co/storage/v1/object/public/product-images/products/1c38fca2-b328-4e28-8310-b798e68a998b/1778309573810-Banh-Flan-Sunny-55g.jpg', '2026-05-09T06:52:55.644875+00:00', '2026-05-16T17:55:02.920236+00:00', '2e962ef9-d902-46db-ba2b-1f339b12a4f3', NULL),
  ('c6cd0166-638e-4ad3-94ff-8774231a09cb', 'トイレットペーパー（12ロール）', NULL, '2026-05-10T06:11:36.809328+00:00', '2026-05-16T18:54:46.494497+00:00', '2e962ef9-d902-46db-ba2b-1f339b12a4f3', 'daily', '2026-05-16T18:54:46.486952+00:00'),
  ('51e310fc-f7ce-4646-8af1-4700abebfc8c', 'Bông phấn phủ', 'https://akyxznfvwogxhcwocukj.supabase.co/storage/v1/object/public/product-images/products/51e310fc-f7ce-4646-8af1-4700abebfc8c/1778309701811-Bo-ng-Pha--n-Phu-.jpg', '2026-05-09T06:55:03.871347+00:00', '2026-05-09T18:03:03.744274+00:00', '2e962ef9-d902-46db-ba2b-1f339b12a4f3', NULL),
  ('00cd89da-dbe0-4440-a3a3-422e8d2cfdee', 'Lốc sữa', NULL, '2026-04-27T07:03:14.72805+00:00', '2026-05-09T18:03:03.744274+00:00', '2e962ef9-d902-46db-ba2b-1f339b12a4f3', NULL),
  ('50dcbce9-7504-41e8-b2cd-57501c6455a2', 'Sữa Anchor nguyên kem', 'https://akyxznfvwogxhcwocukj.supabase.co/storage/v1/object/public/product-images/products/50dcbce9-7504-41e8-b2cd-57501c6455a2/1776414590483-sua-tuoi-nguyen-kem-anchor-1l-1.webp', '2026-04-11T22:51:50.282119+00:00', '2026-05-09T18:03:03.744274+00:00', '2e962ef9-d902-46db-ba2b-1f339b12a4f3', NULL),
  ('c502bebf-03ac-4cfe-811b-b5a08bd5c5d4', 'Màng bọc thực phẩm', 'https://akyxznfvwogxhcwocukj.supabase.co/storage/v1/object/public/product-images/products/c502bebf-03ac-4cfe-811b-b5a08bd5c5d4/1776414643277-4901670111521--1-.jpg', '2026-04-11T22:51:33.379955+00:00', '2026-05-09T18:03:03.744274+00:00', '2e962ef9-d902-46db-ba2b-1f339b12a4f3', NULL),
  ('83557115-42a3-4fb4-aa8e-8d490bc9365f', 'Tấm thớt', 'https://akyxznfvwogxhcwocukj.supabase.co/storage/v1/object/public/product-images/products/83557115-42a3-4fb4-aa8e-8d490bc9365f/1776418522463-thot-tre-khang-khuan-cao-cap-kalpen-t2-3.jpg', '2026-04-11T22:40:12.940775+00:00', '2026-05-09T18:03:03.744274+00:00', '2e962ef9-d902-46db-ba2b-1f339b12a4f3', NULL),
  ('a8b7a80d-a0d4-41b7-883f-3fbe796ef961', 'Bánh Chocopie', 'https://akyxznfvwogxhcwocukj.supabase.co/storage/v1/object/public/product-images/products/a8b7a80d-a0d4-41b7-883f-3fbe796ef961/1776418584041-cp12p-original.jpg', '2026-04-11T22:39:16.012022+00:00', '2026-05-09T18:03:03.744274+00:00', '2e962ef9-d902-46db-ba2b-1f339b12a4f3', NULL),
  ('905942ec-23ad-407b-a8fb-485fe8d3daef', 'Dầu ăn', 'https://akyxznfvwogxhcwocukj.supabase.co/storage/v1/object/public/product-images/products/905942ec-23ad-407b-a8fb-485fe8d3daef/1774677401645-dau-an-simply.jpg', '2026-03-28T04:28:43.111178+00:00', '2026-05-09T18:03:03.744274+00:00', '2e962ef9-d902-46db-ba2b-1f339b12a4f3', NULL),
  ('38af2cab-ea95-43ba-ba65-a033a8784984', 'Sữa rửa mặt', 'https://akyxznfvwogxhcwocukj.supabase.co/storage/v1/object/public/product-images/products/38af2cab-ea95-43ba-ba65-a033a8784984/1774677564078-sua-rua-mat.avif', '2026-03-28T04:28:43.111178+00:00', '2026-05-09T18:03:03.744274+00:00', '2e962ef9-d902-46db-ba2b-1f339b12a4f3', NULL),
  ('6bff009a-e6ac-4025-b187-fb504b6b1328', 'Muối Hảo Hảo', 'https://akyxznfvwogxhcwocukj.supabase.co/storage/v1/object/public/product-images/products/6bff009a-e6ac-4025-b187-fb504b6b1328/1776418892735-resize.webp', '2026-03-28T04:28:43.111178+00:00', '2026-05-09T18:03:03.744274+00:00', '2e962ef9-d902-46db-ba2b-1f339b12a4f3', NULL),
  ('ea1ef059-9537-444f-8f2b-52d46c1054ea', 'Sữa dưỡng thể', NULL, '2026-03-28T04:28:43.111178+00:00', '2026-05-09T18:03:03.744274+00:00', '2e962ef9-d902-46db-ba2b-1f339b12a4f3', NULL),
  ('8c365f5b-2b0b-45cf-8fa4-47a9c17a01fa', '麦茶', NULL, '2026-03-28T04:28:43.111178+00:00', '2026-05-09T18:03:03.744274+00:00', '2e962ef9-d902-46db-ba2b-1f339b12a4f3', NULL),
  ('448881d1-9bb5-4e60-872f-a8c92b6ef713', 'Hành tím', NULL, '2026-03-28T04:28:43.111178+00:00', '2026-05-09T18:03:03.744274+00:00', '2e962ef9-d902-46db-ba2b-1f339b12a4f3', NULL),
  ('159cf668-1f32-4c36-8761-ef473aa3fe8f', 'Trà Atiso', NULL, '2026-03-28T04:28:43.111178+00:00', '2026-05-09T18:03:03.744274+00:00', '2e962ef9-d902-46db-ba2b-1f339b12a4f3', NULL),
  ('264db653-1b96-4ff6-8da5-1ee7ba88181c', 'Dầu gội', NULL, '2026-03-28T04:28:43.111178+00:00', '2026-05-09T18:03:03.744274+00:00', '2e962ef9-d902-46db-ba2b-1f339b12a4f3', NULL),
  ('fe8e10d1-dd91-401e-8dba-25b867072df3', 'Dừa', NULL, '2026-03-28T04:28:43.111178+00:00', '2026-05-09T18:03:03.744274+00:00', '2e962ef9-d902-46db-ba2b-1f339b12a4f3', NULL),
  ('13531b2d-7321-4412-ae23-6720daa2cd88', 'Khăn ướt', 'https://akyxznfvwogxhcwocukj.supabase.co/storage/v1/object/public/product-images/products/13531b2d-7321-4412-ae23-6720daa2cd88/1776418718062-khan-uot-huggies-gold-64pcs-5.jpg', '2026-03-28T04:28:43.111178+00:00', '2026-05-09T18:03:03.744274+00:00', '2e962ef9-d902-46db-ba2b-1f339b12a4f3', NULL),
  ('5a3fce3e-26c7-46ff-bef4-9825b40d20a8', 'Sáp thơm', 'https://akyxznfvwogxhcwocukj.supabase.co/storage/v1/object/public/product-images/products/5a3fce3e-26c7-46ff-bef4-9825b40d20a8/1776418771140-8936013256467.jpg', '2026-03-28T04:28:43.111178+00:00', '2026-05-09T18:03:03.744274+00:00', '2e962ef9-d902-46db-ba2b-1f339b12a4f3', NULL),
  ('bbe1b18a-e5c9-46f3-9406-a113f91df974', 'Trà gừng', 'https://akyxznfvwogxhcwocukj.supabase.co/storage/v1/object/public/product-images/products/bbe1b18a-e5c9-46f3-9406-a113f91df974/1776418792561-tra-gung-cozy-hotginger-hop-200g-20-goi-x-10g-202211181514009367.jpg', '2026-03-28T04:28:43.111178+00:00', '2026-05-09T18:03:03.744274+00:00', '2e962ef9-d902-46db-ba2b-1f339b12a4f3', NULL),
  ('8cc1584f-bc3f-4b96-b4c6-26482cf503c6', 'Trà lá', 'https://akyxznfvwogxhcwocukj.supabase.co/storage/v1/object/public/product-images/products/8cc1584f-bc3f-4b96-b4c6-26482cf503c6/1774672572533-tra-la.webp', '2026-03-28T04:28:43.111178+00:00', '2026-05-09T18:03:03.744274+00:00', '2e962ef9-d902-46db-ba2b-1f339b12a4f3', NULL),
  ('2433fe85-3ef5-4ffc-a8ef-c5d3892cd216', 'Khoai', NULL, '2026-05-17T06:41:25.013474+00:00', '2026-05-17T06:41:25.013474+00:00', '2e962ef9-d902-46db-ba2b-1f339b12a4f3', NULL),
  ('0dd3d4e9-b7ac-48ea-b908-aeeb5d16ba31', 'Ngũ cốc', NULL, '2026-03-28T04:28:43.111178+00:00', '2026-05-09T18:03:03.744274+00:00', '2e962ef9-d902-46db-ba2b-1f339b12a4f3', NULL),
  ('c35fc15c-95bf-4e97-bf96-b9896691e986', 'Sữa Vinamilk Flex', 'https://akyxznfvwogxhcwocukj.supabase.co/storage/v1/object/public/product-images/products/c35fc15c-95bf-4e97-bf96-b9896691e986/1776418430854-vn-11134207-820l4-mjs46cbppatcf3.jpg', '2026-04-11T22:50:57.881756+00:00', '2026-05-09T18:03:03.744274+00:00', '2e962ef9-d902-46db-ba2b-1f339b12a4f3', NULL),
  ('882021a8-6d9c-407d-824d-cd3cbfed5123', 'Dĩa trái cây', 'https://akyxznfvwogxhcwocukj.supabase.co/storage/v1/object/public/product-images/products/882021a8-6d9c-407d-824d-cd3cbfed5123/1776418438629-pngtree-satisfy-fruit-plate-png-image-17330032.jpg', '2026-04-11T22:41:53.785942+00:00', '2026-05-09T18:03:03.744274+00:00', '2e962ef9-d902-46db-ba2b-1f339b12a4f3', NULL),
  ('b70d63d0-3e54-4846-acdd-2ce2d7c935f5', 'Đũa gỗ', 'https://akyxznfvwogxhcwocukj.supabase.co/storage/v1/object/public/product-images/products/b70d63d0-3e54-4846-acdd-2ce2d7c935f5/1776418486609-duago-8124.jpg', '2026-04-11T22:40:23.056916+00:00', '2026-05-09T18:03:03.744274+00:00', '2e962ef9-d902-46db-ba2b-1f339b12a4f3', NULL),
  ('aba33825-cf3f-46f4-a63f-7d1719511ab5', 'Sữa Đà Lạt Milk hộp nhỏ', 'https://akyxznfvwogxhcwocukj.supabase.co/storage/v1/object/public/product-images/products/aba33825-cf3f-46f4-a63f-7d1719511ab5/1776418548920-dalat-milk-sua-tuoi-thanh-trung-huong-dau-hop-nho-cf1eae45f04945dbb48b08ac03faac1d-1024x1024.jpg', '2026-04-11T22:39:41.272888+00:00', '2026-05-09T18:03:03.744274+00:00', '2e962ef9-d902-46db-ba2b-1f339b12a4f3', NULL),
  ('55410433-d322-4b80-ba3c-432d8fafc2c1', 'Coca Cola không Calo', 'https://akyxznfvwogxhcwocukj.supabase.co/storage/v1/object/public/product-images/products/55410433-d322-4b80-ba3c-432d8fafc2c1/1776418659380-8935049501541-500x500.webp', '2026-04-11T22:37:40.786019+00:00', '2026-05-09T18:03:03.744274+00:00', '2e962ef9-d902-46db-ba2b-1f339b12a4f3', NULL),
  ('8dae6069-b092-4e77-98bc-27fdc7cca576', 'Xôi Gà Nấm Đông Cô', 'https://akyxznfvwogxhcwocukj.supabase.co/storage/v1/object/public/product-images/products/8dae6069-b092-4e77-98bc-27fdc7cca576/1774694100008-xoi-ga-nam-dong-co.jpg', '2026-03-28T04:28:43.111178+00:00', '2026-05-09T18:03:03.744274+00:00', '2e962ef9-d902-46db-ba2b-1f339b12a4f3', NULL),
  ('e4c9253d-c53b-4a4e-8c02-c24647954010', 'Trà hoa cúc', NULL, '2026-03-28T04:28:43.111178+00:00', '2026-05-09T18:03:03.744274+00:00', '2e962ef9-d902-46db-ba2b-1f339b12a4f3', NULL),
  ('c03009ee-4ea9-4ee9-9579-8c2489a66e95', 'Tỏi', NULL, '2026-03-28T04:28:43.111178+00:00', '2026-05-09T18:03:03.744274+00:00', '2e962ef9-d902-46db-ba2b-1f339b12a4f3', NULL),
  ('14b74dbc-cce5-418e-8309-92b15ec2d881', 'Ngũ vị hương', NULL, '2026-03-28T04:28:43.111178+00:00', '2026-05-09T18:03:03.744274+00:00', '2e962ef9-d902-46db-ba2b-1f339b12a4f3', NULL),
  ('98a6e933-1eef-49d4-84ef-3af72e7bded0', 'Muối', NULL, '2026-03-28T04:28:43.111178+00:00', '2026-05-09T18:03:03.744274+00:00', '2e962ef9-d902-46db-ba2b-1f339b12a4f3', NULL),
  ('9d845764-67bb-4d2b-8bc4-c9d17290bd0e', 'Bàn chải đánh răng', NULL, '2026-03-28T04:28:43.111178+00:00', '2026-05-09T18:03:03.744274+00:00', '2e962ef9-d902-46db-ba2b-1f339b12a4f3', NULL),
  ('a745caa6-6f97-4005-be6b-5021af9fa3d1', 'Đường', NULL, '2026-03-28T04:28:43.111178+00:00', '2026-05-09T18:03:03.744274+00:00', '2e962ef9-d902-46db-ba2b-1f339b12a4f3', NULL),
  ('46aea82f-da0a-4eb7-8aad-36f8a78a7fb0', 'Sữa hạnh nhân', NULL, '2026-03-28T04:28:43.111178+00:00', '2026-05-09T18:03:03.744274+00:00', '2e962ef9-d902-46db-ba2b-1f339b12a4f3', NULL),
  ('22f51f85-fc3e-4eb5-9464-af02f0524099', '午後の紅茶', 'https://akyxznfvwogxhcwocukj.supabase.co/storage/v1/object/public/product-images/products/22f51f85-fc3e-4eb5-9464-af02f0524099/1776418922959-935561-3L2.jpg', '2026-03-28T04:28:43.111178+00:00', '2026-05-09T18:03:03.744274+00:00', '2e962ef9-d902-46db-ba2b-1f339b12a4f3', NULL),
  ('9a63846a-e729-4a86-8f9a-16c8798986da', 'Sữa whip cream', 'https://akyxznfvwogxhcwocukj.supabase.co/storage/v1/object/public/product-images/products/9a63846a-e729-4a86-8f9a-16c8798986da/1776418625198-pb-whipping-cream-200ml-f1b05753741f4de7911a838547bb5b98-master.jpg', '2026-04-11T22:38:01.307098+00:00', '2026-05-09T18:03:03.744274+00:00', '2e962ef9-d902-46db-ba2b-1f339b12a4f3', NULL),
  ('095a75df-23ae-424b-a12e-67b4314e51cb', 'Vỉ trứng', 'https://akyxznfvwogxhcwocukj.supabase.co/storage/v1/object/public/product-images/products/095a75df-23ae-424b-a12e-67b4314e51cb/1775885867966-vi-trung.webp', '2026-04-11T05:37:49.716415+00:00', '2026-05-09T18:03:03.744274+00:00', '2e962ef9-d902-46db-ba2b-1f339b12a4f3', NULL),
  ('380d018e-dd0b-41a5-b173-e67affaeb242', 'Bánh bông lan Bon', 'https://akyxznfvwogxhcwocukj.supabase.co/storage/v1/object/public/product-images/products/380d018e-dd0b-41a5-b173-e67affaeb242/1775366630319-banh-bon.png', '2026-04-05T05:23:53.199882+00:00', '2026-05-09T18:03:03.744274+00:00', '2e962ef9-d902-46db-ba2b-1f339b12a4f3', NULL),
  ('2dcabfb9-b1d9-4029-8552-5cb061772664', 'Miếng rửa chén', 'https://akyxznfvwogxhcwocukj.supabase.co/storage/v1/object/public/product-images/products/2dcabfb9-b1d9-4029-8552-5cb061772664/1774677788563-mieng-rua-chen.webp', '2026-03-28T06:03:09.475694+00:00', '2026-05-09T18:03:03.744274+00:00', '2e962ef9-d902-46db-ba2b-1f339b12a4f3', NULL),
  ('24bb83f9-8c90-428b-bf11-021c95b7fdd7', 'Tuyp sữa đặc', 'https://akyxznfvwogxhcwocukj.supabase.co/storage/v1/object/public/product-images/products/24bb83f9-8c90-428b-bf11-021c95b7fdd7/1774677757071-tuyp-sua-dac.jpg', '2026-03-28T06:02:38.535262+00:00', '2026-05-09T18:03:03.744274+00:00', '2e962ef9-d902-46db-ba2b-1f339b12a4f3', NULL),
  ('1697fc43-4463-4d51-b11a-f776d888d869', 'Snack Lays', 'https://akyxznfvwogxhcwocukj.supabase.co/storage/v1/object/public/product-images/products/1697fc43-4463-4d51-b11a-f776d888d869/1775366253571-lays.jpg', '2026-03-28T05:55:15.399021+00:00', '2026-05-09T18:03:03.744274+00:00', '2e962ef9-d902-46db-ba2b-1f339b12a4f3', NULL),
  ('50f92b3c-cdb8-48ec-bf96-2ec78079ba41', 'Tiêu', NULL, '2026-03-28T04:28:43.111178+00:00', '2026-05-09T18:03:03.744274+00:00', '2e962ef9-d902-46db-ba2b-1f339b12a4f3', NULL),
  ('ffa1110c-7c5b-4092-80b6-1c1062e1f149', 'Bánh bí đỏ', NULL, '2026-03-28T04:28:43.111178+00:00', '2026-05-09T18:03:03.744274+00:00', '2e962ef9-d902-46db-ba2b-1f339b12a4f3', NULL),
  ('967c08e7-5a15-4cbd-b95b-74f07d53d3ca', 'Cà phê', NULL, '2026-03-28T04:28:43.111178+00:00', '2026-05-09T18:03:03.744274+00:00', '2e962ef9-d902-46db-ba2b-1f339b12a4f3', NULL),
  ('d577474d-c35a-4207-bc0c-8c1dfe841b65', 'Kem dưỡng tay', NULL, '2026-05-18T11:47:59.24953+00:00', '2026-05-18T11:47:59.24953+00:00', '2e962ef9-d902-46db-ba2b-1f339b12a4f3', NULL),
  ('48fce481-0073-4399-b71d-6500105c3e9b', 'Sữa tắm', NULL, '2026-03-28T04:28:43.111178+00:00', '2026-05-09T18:03:03.744274+00:00', '2e962ef9-d902-46db-ba2b-1f339b12a4f3', NULL),
  ('6737f11b-2af7-440b-addb-e3c34b5ec753', 'Sữa Oatside', 'https://akyxznfvwogxhcwocukj.supabase.co/storage/v1/object/public/product-images/products/6737f11b-2af7-440b-addb-e3c34b5ec753/1774673060923-sua-hat-oatside.jpg', '2026-03-28T04:28:43.111178+00:00', '2026-05-09T18:03:03.744274+00:00', '2e962ef9-d902-46db-ba2b-1f339b12a4f3', NULL),
  ('b8f14728-6811-4a89-9e5a-343d35a8cdad', 'Chảo', NULL, '2026-03-28T04:28:43.111178+00:00', '2026-05-09T18:03:03.744274+00:00', '2e962ef9-d902-46db-ba2b-1f339b12a4f3', NULL),
  ('fbd686b4-f704-49d7-bc78-944b11c1c336', 'Milo', 'https://akyxznfvwogxhcwocukj.supabase.co/storage/v1/object/public/product-images/products/fbd686b4-f704-49d7-bc78-944b11c1c336/1774694159366-milo.webp', '2026-03-28T04:28:43.111178+00:00', '2026-05-09T18:03:03.744274+00:00', '2e962ef9-d902-46db-ba2b-1f339b12a4f3', NULL),
  ('48c0a5b2-3d50-45d4-8c2b-ad70a2b7346b', 'Chả lụa', NULL, '2026-03-28T04:28:43.111178+00:00', '2026-05-09T18:03:03.744274+00:00', '2e962ef9-d902-46db-ba2b-1f339b12a4f3', NULL),
  ('ebcbcb6d-18da-40a3-8ced-9653157f5c95', 'Miếng dán tường', NULL, '2026-03-28T04:28:43.111178+00:00', '2026-05-09T18:03:03.744274+00:00', '2e962ef9-d902-46db-ba2b-1f339b12a4f3', NULL),
  ('95940b92-d346-4608-8c7e-74b81aba59d5', 'Nước tương', NULL, '2026-03-28T04:28:43.111178+00:00', '2026-05-09T18:03:03.744274+00:00', '2e962ef9-d902-46db-ba2b-1f339b12a4f3', NULL),
  ('d15fe7c5-c628-431e-9d0a-82d8696ad8a0', 'Hạt nêm', NULL, '2026-03-28T04:28:43.111178+00:00', '2026-05-09T18:03:03.744274+00:00', '2e962ef9-d902-46db-ba2b-1f339b12a4f3', NULL),
  ('983f1ad1-b9ab-433c-ac68-ff3e14528f94', 'Túi rác', 'https://akyxznfvwogxhcwocukj.supabase.co/storage/v1/object/public/product-images/products/983f1ad1-b9ab-433c-ac68-ff3e14528f94/1774672639170-tui-rac.png', '2026-03-28T04:28:43.111178+00:00', '2026-05-09T18:03:03.744274+00:00', '2e962ef9-d902-46db-ba2b-1f339b12a4f3', NULL),
  ('cbc4c9c0-0f24-414d-8f5c-783721b24fab', 'Khử mùi tủ lạnh', 'https://akyxznfvwogxhcwocukj.supabase.co/storage/v1/object/public/product-images/products/cbc4c9c0-0f24-414d-8f5c-783721b24fab/1774672557402-khu-mui-tu-lanh.jpg', '2026-03-28T04:28:43.111178+00:00', '2026-05-09T18:03:03.744274+00:00', '2e962ef9-d902-46db-ba2b-1f339b12a4f3', NULL),
  ('d276463d-de80-400a-9191-f1cc7cad37eb', 'Hạt điều', 'https://akyxznfvwogxhcwocukj.supabase.co/storage/v1/object/public/product-images/products/d276463d-de80-400a-9191-f1cc7cad37eb/1774677224488-hat-dieu.png', '2026-03-28T04:28:43.111178+00:00', '2026-05-09T18:03:03.744274+00:00', '2e962ef9-d902-46db-ba2b-1f339b12a4f3', NULL),
  ('e241656a-83e4-4d15-bb62-32d5006806ff', 'Tương cà', 'https://akyxznfvwogxhcwocukj.supabase.co/storage/v1/object/public/product-images/products/e241656a-83e4-4d15-bb62-32d5006806ff/1776418856283-12-3d283a0574ad489a8349008289bbf505-master.png', '2026-03-28T04:28:43.111178+00:00', '2026-05-09T18:03:03.744274+00:00', '2e962ef9-d902-46db-ba2b-1f339b12a4f3', NULL),
  ('be768057-4619-4011-aeaa-2ba153d20e60', 'Bánh bao than tre', 'https://akyxznfvwogxhcwocukj.supabase.co/storage/v1/object/public/product-images/products/be768057-4619-4011-aeaa-2ba153d20e60/1774672690213-banh-bao-than-tre.jpg', '2026-03-28T04:28:43.111178+00:00', '2026-05-09T18:03:03.744274+00:00', '2e962ef9-d902-46db-ba2b-1f339b12a4f3', NULL),
  ('1f500724-f6a5-41f4-97b7-3156636947e5', 'Tăm bông', 'https://akyxznfvwogxhcwocukj.supabase.co/storage/v1/object/public/product-images/products/1f500724-f6a5-41f4-97b7-3156636947e5/1776419197069-8938500579639-500x500.webp', '2026-03-28T04:28:43.111178+00:00', '2026-05-09T18:03:03.744274+00:00', '2e962ef9-d902-46db-ba2b-1f339b12a4f3', NULL),
  ('92b8b722-db99-47cf-96e2-b23daa88ad71', 'Lạp xưởng', NULL, '2026-03-28T04:28:43.111178+00:00', '2026-05-09T18:03:03.744274+00:00', '2e962ef9-d902-46db-ba2b-1f339b12a4f3', NULL),
  ('5a903319-8072-4298-9f65-b3e716f34699', 'Giấy vệ sinh', 'https://akyxznfvwogxhcwocukj.supabase.co/storage/v1/object/public/product-images/products/5a903319-8072-4298-9f65-b3e716f34699/1774677495375-giay-ve-sinh.jpg', '2026-03-28T04:28:43.111178+00:00', '2026-05-09T18:03:03.744274+00:00', '2e962ef9-d902-46db-ba2b-1f339b12a4f3', NULL),
  ('14c564a7-4ef8-495c-a251-d67e64cd233d', 'Băng vệ sinh', 'https://akyxznfvwogxhcwocukj.supabase.co/storage/v1/object/public/product-images/products/14c564a7-4ef8-495c-a251-d67e64cd233d/1774694265139-bang-ve-sinh.webp', '2026-03-28T04:28:43.111178+00:00', '2026-05-09T18:03:03.744274+00:00', '2e962ef9-d902-46db-ba2b-1f339b12a4f3', NULL),
  ('bce7d3d9-f0a5-4a6b-95f1-9289f227d5e1', 'Bánh giò', 'https://akyxznfvwogxhcwocukj.supabase.co/storage/v1/object/public/product-images/products/bce7d3d9-f0a5-4a6b-95f1-9289f227d5e1/1774694218441-banh-gio.jpg', '2026-03-28T04:28:43.111178+00:00', '2026-05-09T18:03:03.744274+00:00', '2e962ef9-d902-46db-ba2b-1f339b12a4f3', NULL),
  ('c1c5650e-4b68-4e35-aa57-3fbef6cafc1f', 'Sữa đậu nành kikkoman', NULL, '2026-03-28T04:28:43.111178+00:00', '2026-05-09T18:03:03.744274+00:00', '2e962ef9-d902-46db-ba2b-1f339b12a4f3', NULL),
  ('c4fbda11-a510-446a-94f2-75623a563c9e', 'Kem đánh răng', NULL, '2026-03-28T04:28:43.111178+00:00', '2026-05-09T18:03:03.744274+00:00', '2e962ef9-d902-46db-ba2b-1f339b12a4f3', NULL),
  ('ff316812-1507-4161-8160-f683528395f4', 'Bánh ngũ cốc', 'https://akyxznfvwogxhcwocukj.supabase.co/storage/v1/object/public/product-images/products/ff316812-1507-4161-8160-f683528395f4/1774677197074-banh-hap-ngu-coc.jpg', '2026-03-28T04:28:43.111178+00:00', '2026-05-09T18:03:03.744274+00:00', '2e962ef9-d902-46db-ba2b-1f339b12a4f3', NULL),
  ('5a6f1014-f2cb-4fe7-879f-01ecfe7c89af', 'Tương ớt xí muội', 'https://akyxznfvwogxhcwocukj.supabase.co/storage/v1/object/public/product-images/products/5a6f1014-f2cb-4fe7-879f-01ecfe7c89af/1776419224436-tuong-ot-xi-muoi-270-pet-FILEminimizer.jpg', '2026-03-28T04:28:43.111178+00:00', '2026-05-09T18:03:03.744274+00:00', '2e962ef9-d902-46db-ba2b-1f339b12a4f3', NULL),
  ('a3a7169a-3b70-48cf-b30f-72d5b5455805', 'Kem dưỡng ẩm', NULL, '2026-03-28T04:28:43.111178+00:00', '2026-05-09T18:03:03.744274+00:00', '2e962ef9-d902-46db-ba2b-1f339b12a4f3', NULL),
  ('53c460e9-47e5-4403-8748-f87af3406a39', 'Khẩu trang', 'https://akyxznfvwogxhcwocukj.supabase.co/storage/v1/object/public/product-images/products/53c460e9-47e5-4403-8748-f87af3406a39/1776419141671-MDc5OTgwNjU-.jpg', '2026-03-28T04:28:43.111178+00:00', '2026-05-09T18:03:03.744274+00:00', '2e962ef9-d902-46db-ba2b-1f339b12a4f3', NULL),
  ('fac23a70-7225-4e72-9bcd-28834c904846', 'Sữa chuối Kikkoman', 'https://akyxznfvwogxhcwocukj.supabase.co/storage/v1/object/public/product-images/products/fac23a70-7225-4e72-9bcd-28834c904846/1774669604389-0508120529-681c1f79bf585.png', '2026-03-28T03:46:45.44361+00:00', '2026-05-09T18:03:03.744274+00:00', '2e962ef9-d902-46db-ba2b-1f339b12a4f3', NULL),
  ('a9c0c42f-635c-4177-b519-0ff0b1f76408', 'Bánh bao', NULL, '2026-03-28T03:28:47.680055+00:00', '2026-05-09T18:03:03.744274+00:00', '2e962ef9-d902-46db-ba2b-1f339b12a4f3', NULL),
  ('a9c0c42f-635c-4177-b519-0ff0b1f76401', 'Sữa TH', 'data:image/webp;base64,UklGRuyWAABXRUJQVlA4WAoAAAAIAAAA/wMA/wMAVlA4IAyWAADQngKdASoABAAEPjEYi0QiIaElobMIwLAGCWdu9Dl4+kcPPqsD/5MdVzvPKkN9pvBuPf3c2olml/VP4n8r+9lnX2n+o/yv7df4f91/ma5t8MvZXhj+6/tz99f+nrl+A/6f/V/Lf/M++jzJ/jf7v/k/91/cv////PvF/0P+17Q/7f/sv+n7gv6ff57+0f5T/sf5r/////8l/9j/l/5j3wf4j/sf8v2C/1H+5/8X/Dfv38w/+2/2v+b/fb5Yf3P/Xf8P/F/4T/5/QB/Lf6d/r/zo+av/u/9f3SP7v/xP/D7g/8i/qH+3/O35l/+R/3/9L++30jf2T/V/+H/M/v//5vsY/oH9w/737Z////k/QB/3///7AH/B///uifwD9/+8z/93+F8Gn2w8V/OT7o/fv269or/i85Xan/n9EP5v+BP0v+E/dX/EfNz++/3/+d/H72n/Xv5H/e/4/8k/kO/Kf53/lf75+5v+J+hn6jwbLcf+P1Dvaf6h/uP7v/of/f/p/U//0/T37C/8z/L/kF9gX9A/qn+9/vntv/0vJ1+5/739rvgJ/p3+Q/9v+l9j//s/1f+8/df3wfVX/r/1PwH/z/+7f9L/MflMGKWFVF2zIPWFa/LCqi7ZkHrCtflhVRdsyD1hWvywqou2ZB6wrX5YVUXbMg9YVr8sKqLtmQesK1+WFVF2zIPWFa/LCqi7ZkHrCtflhVRdsyD1hWvywqou2ZB6wrX5YVUXbMg9YVr8sKqLtmQesK1+WFVF2zIPWFa/LCqi7ZkHrCtflhVRdsyD1hWvywqou2ZB6wrX5YVUXbMg9YVr8sKqLtmQesK1+WFVF2zIPWFa/LCqi7ZkHrCtflhVRdsyD1hWvywqou2ZB6wrX5YVUXbMg9YVr8sKqLtmQesK1yOjD9Z8Kz4R0b3Scou2ZB6wrX5YVUXbMg9YVr8sKqLtmQesKydrHViP6xxgqBu8UlEyTx9gvB1jvSxJDS1Kw9Xj2cDg7PMSSZkHrCtflhVRdsyD1hWvywqou2ZB6wrX5YJxxb+3Ad5hWuyLhvst8vbm9H8FPd6WeBNzfoPdAyWf0HC+OnODDmSuHLC9/cvjRttVGNxm64OWkJGOJzuPvU7ejetoQn/oeLdru7nIvPH4rqkg9YVr8sKqLtmQesK1+WFVF2zH4Yl9fziRGTisHYSIMx7l0tGg9KwO5nT4bm6BeE5CNlveI+KL3/5pxAnJFvjs1ZMM0Uwd5WJLsHk4Qctf6tJG3DFV75ahi3i1zYNY3OrrgwqtPYB9xEnl4yjmrZU2qHlH/SYMKqLtmQesK1+WFVF2zIPVKGvlp93DNU8ycapaOq4DDYnWcez08ivcFWeNnNizfgHCeLrcfYFL1g6ub42Fit4hCEDo3oL8Z7rbLdp5Zd6fELCQy6eFREs9fdgdHtdIbI5bP08luFNK8UxV9eiZSWYipFRYCDoHVsyD1hWvywqou2ZB6wrX5YVPxLvJTfeS2Wb8NoV7g7qUPxVWRSLLOK5t0KW8/hEP4wC1+Sto8oy4erure251EUU/VqpVK3kZTu8VmOUwa8bY7AfzdPKFa02HYfio74Vm0rFtPNflhVRdsyD1hWvywqou2ZB6wLJ3XVwd1teN88mCaAq0wCNBel0YFrogxOGC8T+7yC9UVXJo8xIpZGmBLS4gG5LxGEE23S9KGzfr13gGgj3334BLvAKyP30IdA95/tZx5zwxwvwXS6FvPLX5YVUXbMg9YVr8sKqLtmQesCEmCbXLvOn0CR8gFg7X8t3MjKuyeXq4QFrfN1NGNn9J1SkbMAgKxkEDHE3IrgF6Sa5ozYVX+qZRGwxdrctTKEb73ETufy8thQ021Z3G2bXIarK+LKMZf2rCtflhVRdsyD1hWvywqou2RoXovF4YXLnzkHrg9wvSL2/zlS/WPOXpp6T8duS9r0wCUnNCfOcncqF7qhKIgzOTWKZ+Mr+y19mTBgprqRDzARdzNbV9GrcZbSX5/pMGFVF2zIPWFa/LCqi7ZkHqpsCLGUmMHw7nCm9r1qdu/9xKzcBeaOU05nW9zRcdqFO6fCY6S0VY1PobfiDhb+HRH8LxpaI910yiiR3n/sT9EWouSgvywqou2ZB6wrX5YVUXbMg9YVk414KBs89vUSoekPKUJMuCXPEtVRDOhiwXPmsOsqFuVCdSxkQjjJJ6PaeUwWBN/Z5qFP+N2g0NdxuCXTZ0R2tyg0PD8ymyet4S3T+r0BBvvCMQYVUXbMg9YVr8sKqLtmQesK1suZuHJznIvruNpeKNEMzxLqWXmK0LDY+9r+W0TnEkGrqBs40O2U86USKuTnGVELqWUoRWDcXzF+miohAoT+9G+hPB/mohCWxFT047YanzCqfE5OMcR3noPWFa/LCqi7ZkHrCtflhVRdsiSz5inbjviuab6ZG45LXJSQCNXo81DOkyAQKO70ptNgNqwuQQrutkIGroDJrQnCZHjozQwCyauqLSMLXJRcQP2MDBJa/LCqi7ZkHrCtflhVRdsyDy6HkvVAJVUha3Rm+CjoAwxJBH2m3o3Is1nnIgFHxtlJ0iNL98scCWh8mZJduADl2a/E5W3fKrP7mgkMeINiSSrMY8WLy6mjQ3/EkAKijR9pkHrCtflhVRdsyD1hWvywqorURjEJJJ2AJlV0bOmwCgIWWBJYI/87ut/mMVMq/ZJ7plRb9XBey2SjV/dciBEu12H+P0gmsQKCGr/bIdnBJ5Sy/R+IY2wjNiOpRfZH/BcN6J5YVr8sKqLtmQesK1+WFVF2zIOLpz8mgYdTptjBQHZXMnZKww005Y4UQWvoxtVZE3Sq7k2EmMfAos4+YEfUj0qV/RzNLGI1Eb0FVVF2zIPWFa/LCqi7ZkHrCtflekOSzjNxlEUFLd4Cmcxq1SdfR/33e0cu9jQ7jyN8+aaD3FxrSYKpxRD18n7RNrupXprH4sm5IUEnFni7Mg9YVr8sKqLtmQesK1+WFVEZAVH3EZAKEtEOJ23qfe8NM/AlbyMoSpOOpGKfDBYzc/mSTy2nii/Reby1iM6fVEKDZXQX0zyHK+Pz0mDCqi7ZkHrCtflhVRdsyD1g73od1jyUm6p7bdWRhlMsaDhkUkvgSlu3kNL55hqMNCP2mB6stEug1BAvCZNzXzsL6tMg9YVr8sKqLtmQesK1+WFVFq26yAYgQqm0LI78NPWOsEQWHBwmABJgFITdkg20T7lezFDqqi7ZkHrCtflhVRdsyD1hWvyiThleMdS54HltYUnMGdfiCbqtz20QbPMu5klGCO9plDmEBWvywqou2ZB6wrX5YVUXbMg9fIMLDMILKPHugzlyS/3ZkrmkSFEc6MYEh1a9fgzpl6qRWbITGAEEgCXhFQJuvfaIJpMGFVF2zIPWFa/LCqi7ZkHrCE03bnQ9YBogUdTZXzGIlAJkWrv9XPgPlHwQ083AkifRWMqKEiuStrXDnBvLxPzMgdH4aULeyTMg9YVr8sKqLtmQesK1+WFVF0YIpRtHajejesM22+gp4X58p7O2BjjPtZ0wG3ChRI9Z13ELcUeqXTU7IpoSFmvLeydd/lCaWZsT+2tW3gIq39WEJCypC71LLI3Vrig7iQ2WKkH4/HE9VcdflhVRdsyD1hWvywqou2ZB6wopO2QRwFVyZaNF1M1LyhC2l0E2wGSzwPYs3r3WqXj1XGBheKPD4koV+IbzKd1wFabbdrKPdOQYfJ51zH4Nhje/vYJX2LQyLppF46/LCqi7ZkHrCtflhVRdsyD1hT3BPb9BEVh5jcCKsxda7MRZUCj6wFLFPzKodx2wWK9MptZ/5TNJLDt7oiRoCD1hWvywqou2ZB6wrX5YVUXbVM4SECPCeJ8MEQEKBXLfdvCKwAIN9VY/4i9ux/D4dFCa0HGYOKJuW1t9YVr8sKqLtmQesK1+WFVF2zITTd0k1NcPklXrtkkielO8KFW5myUa4AjpaowbhzSy0arT2ZXC9x1ATYFW8sZzfsivmznltzhUuDVkPoYyNELSwADvcxMkxtSRbEpyPl5LFAeQrX5YVUXbMg9YVr8sKqLtmQekIpoJqAZKIfWLUZwO0XIrMkqRnostT8GmWMBfGRJqYWsgP2W9Ms6snbzczZZd5jBSYGkqBP0vlveIZgb4CTMg9YVr8sKqLtmQesK1+WFVF0XYkv+JTfQmtJOVRGDBrA66kP3j3gYHN7gLCqJwvwA3ZqRZWGecT9nrfKnNtaQr+2hlyad8bDkC+4+wJt31IqDSkIevo+L28pM6wUxYVzw8f0mDCqi7ZkHrCtflhVRdsyD1SmlNrB3P3kfLTKVSt5DuZ8xVF6wCuUtDVEzDOF7yDgllmxCDb6VYH+uaiLVcaBIPHRp/3bCixxqC5fhpyynOqCk2NrSLhPUF5Azmoc+lzJ+UTVhju9ufwazk2loH/JJbqXCDrhVyBZnn8cWuOvywqou2ZB6wrX5YVUXbMg9YVgm2vqKLGRltg37mRIVUT1jCE90Uvw/8+hB4LTsYYDkLJAN0DBE0uMBPyWRYcKSE6uAjK4czV6uJC+EmnXFLodvUVrnTiWlr8sKqLtmQesK1+WFVF2zIPWD7ERQf8JbBNx1r4Uvw6+P5igFaJ/JTgEyvCg3sFHcoUnhiSi7Qx5e28HGFQh7hVU+OO7n7p/m4nwnPQNWSCa7uca2/hVRdsyD1hWvywqou2ZB6wrX5cmO0eGeVya4mwJEs/i7+U5iQn6E0SgWvWv7tAJHzIbDXSEB5J5pkG+4lQ/rPVm3C5qEFpMUD/d8HfPYHhn7zB1x6GaH6KHQ5T8DEzzMOGPGR56xlbbGZBNJgwqou2ZB6wrX5YVUXbMg9YYOVEIaY7jLwJw+4b2pTm+tx1VENGRYbgoi4to+VAr6R3dwcq9Y52IuNQ6CE7BdTQISu8AX5zdsRMR3/mWUIi8kwQN2zQhXQ2bU2O109k+dM+dZ4sxPcLOKPdeGUyRJrq304cZH0MPMcjGvdltEtflhVRdsyD1hWvywqou2ZB6tJ4shcyUbiothP3MF+FgkHPVxc9Grh6l2AGiZSLknw/5lRdzuWKQLHnNPjvv8cTDI1VK8h+GDA3/AFu4zQSDCjyO8ZYMvZBDYWrmR8+GF/Qkrx8EiPm7DwUps1+WFVF2zIPWFa/LCqi7ZkHrBdqMVN1aMikUULGzOx4gurPnaTWMWbVlOpblTMWoaGEq4E5+v/IrmDxd1PZSPV/z+Bh2JPYtJT75cJ9mjZ7P6rhlz/OJa6LSXDFii5BiOFQHDfxKn1D2yhIBD/SYMKqLtmQesK1+WFVF2zIPWNz+I3EmoUd4poW49XoBLxgXrb9CaclMxZpYCaoZNoT/DscLFpDx6PA+fJcQH72WcPJDS3y8wHHUk+EOdXGAqaQ/qM6Czmxq79q2ZB6wrX5YVUXbMg9YVr8sKqjtmaaPvZbtH2g+SPJxaac6h3Cs2UmYzwOccPUlCPFafeGdXyaRVIu7aOb6Qa9cBGAdg6PM65ujlSIo9eVmrCtflhVRdsyD1hWvywqou2ZCagYVlZI2zy26cdfPvA8JfG46GnEh62ffBdcLqzNFbqhoIw8nhofhn6gTtd8s/Kxu7qiiPWdY05hqhAVC4l31kwHy7F6zAGmgIPWFa/LCqi7ZkHrCtflhVRdtRe32hNu7UE5VXQfzNHEBQ65785Zlka3I+tA02rDELYJpQs7QwU6S8hNRSwAPpdFu6iRDzdeGKwXZ6+AHMUmbwPJ52TFJ41dfl3EgFEou2ZB6wrX5YVUXbMg9YVr8sGNXr9DnaSacKP240NLYwXEkdsAFYMHQTXFypdbEuPESIU6HfYrvAmZ7dDv6Hh70Sizf0MQHzemYT0ukAkNcNMbDmsK1+WFVF2zIPWFa/LCqi7ag/ASIih/V171pOeVk+LckK+q5ZhACKIatldg246M2ysDD4Ig2h9q7PUc4VL3dDfN+aF2F7Z5ver7EABf/muwoteSrsaPmV0o7CAhZgwqou2ZB6wrX5YVUXbMg9YVnFzRP05C25TQK/6pBdrNYaDkhfoIPgG34z+PkFwRAlwHfc/K3tzL6MCGWOTQKUdUd2LxBeooFhA/rCXd2jYbrqUIZAmDQ8V3JLj9B51syD1hWvywqou2ZB6wrX5YVUbHZZDf4Bb7OV1kiTgOUOlTi98tFtOwAVoZNUOBspvwD38pW1uhqg2ZOA7S4V0YLjW7gkzIPWFa/LCqi7ZkHrCtflhVRdPE/xma3OW27cTq2BlCDpjE/UImpYYs231IhvWnnE/sOgSUl57KmgOjT/23k+x6+KyAaN3Pgbl0SXVF2zIPWFa/LCqi7ZkHrCtflhUFmgrPhSCX6M/YKfZ48b7veRTMWfMX7zzAD3nn5nqrVoIPsMZtdfRhlp5pyl6GlDcedw1pHftpVwjliokRWnSqd3AXoXTXMzgge6ji+vVNHlcWuU3wDt6P4tC4NkQESRFb9J8BQ3lOe8Xqjqs26hDuArPcuynoyH/cFuZ93cLMGFVF2zIPWFa/LCqi7ZkHrCtF2V2DMWB1L4RcFKTjyP53Xy0zhBycppsTsNouAjSGQRacFz4RLkQmqGAJ9BNirKQJRhCQwvNTElu8OdOsYJZBKzCBOCZ/wHCmVcyrdjikBif/T+jXWJT/SYMKqLtmQesK1+WFVF2zIPLnc579MH1dFmWLhdw7NHdRHwHRTrnuzOCHrY5DKILg3/vcBUMrwIehMqJeLDOxCVCRsAqi4tsyf/q0E/24dEuzIPWFa/LCqi7ZkHrCtflhVRdts3YaOsboOI1ZVOIEn1PagbbcBlcaJg3349nVHua1gxZ9PfI30THWmSqEGnHq9rMOWfI0IfZeE5OW1FcCQUOYOUrxQUgN5k7//41F2zIPWFa/LCqi7ZkHrCtflhVRdsyD1hWWDU4PGkoHN4L83melv/T8PR6L/6sJY0L/9p2GaF68BVRdsyD1hWvywqou2ZB6wrX5YVUXbMg9YVr8sKqLtmQesK1+WFVF2zIPWFa/LCqi7ZkHrCtflhVRdsyD1hWvywqou2ZB6wrX5YVUXbMg9YVr8sKqLtmQesK1+WFVF2zIPWFa/LCqi7ZkHrCtflhVRdsyD1hWvywqou2ZB6wrX5YVUXbMg9YVr8sKqLtmQesK1+WFVF2zIPWFa/LCqi7ZkHrCtflhVRdsyD1hWvywqou2ZB6wrX5YVUXaUAAD+//iGgAAAAAAAAAAAAAAAAAAAAAAAoWhwrK/nqsNOkdEJ/JKfYvMscoPqa8xXBvma1T5gRkCwiaAuKtmUQs7FHU7QUN8MtLZJ6we65m2S7+QtzE6FwAAcV2Jn6jTfmzpaUjJTQNvqZkNeXknRBprrsA+95O8KM6d41b4oROYSCHHp/YAOJOKQrF3eIChutPSsLJbWUOo/qqHKkA8s9vRQpKFEOgtd8E+gsvVKDeEmp5I0EjtobeKzmUZ4zZIvhfkkh+fOLNu6s/RNDnJhyJLUiTaeciljXL9XVlD5RUWZxdTEhwFxXlRPxf4dhhe9nqV90+NNER9oBQubkAGA50EAUpW9u3VMqRXJjUpsIH/MQ3Szym6iIdvZlyxODN1enLqiS7aSK/FqCyhuBo+ahPsmJkAniEbrVz/JvRXx9JfHPVmjeDmddFoKr6O+9o42JnZ8JMLMHkhbjAEgR7QEsoE5pRV/98xNV+PwgAEPyu7LhaVZPfKvqtL9K3v2uu37Nv8JJcC2Y42vmGRRHRPaRfaYG5YfUA5AD2+4/WGhRvptnEP6S3M6fOt2rL2R70BdFVVibwqn2wi4W4nwT2ZZNvUMc+7Qct/5o/wvbm6+/sGPLoRvFytXZzicfLZNhj17GGbYv1dnf35zNLCy3N5sVkQnAQHuoG17G61DnlW6ceZ0Cl3yIAb+8Jo0pLw0bf5PLMlY10zYsMrYqq4fnNQo1d9lOxhVUmYj+qfJy+8fLdiAA8h1jUzQtA8KmFlcIzlL+B8ly6i0WXOpgQXRmxW9/QPxBFblCLw9gd5ar6rTmVpT2B7b8eWljWCabJvcwvfojuj3sqD3VwlxdyTzWyrf2Mm3ekg1BtC320XjZPMQumGYgp0Xc1Pl3p8Y1G+9ss+PSxYkpxu3X1XUAQCZIuqgg7Iuj1QsdoL70D10C5qpEr+X3+5J0L+ZFebHyvOyt6Uld3lbt3LAJrSaWcvngZKKIS3kYgutVzC0u5P206V7SJpHm2nih1Bm1pemawh5lnhXbyzj5rKTuIqXkFCLGJcoiYHM/CwzAnHo3L6exR9Iw9z9dPhV2h1HEn35Ug7zVH2lUeMQ2MhU6g0uoiQVzD+atWZ2xxdQIkMXbd9dGr3sNeH9YuDHnONGB0YNQTkj6Wdta3KMEBXXzYXq0Lb5mVfM0nj6WmHoP6Pn6hx6nwePCI/4Hyf8ZQuAmB4pGtQuFipNh11Yw8TwTaJcr6Eqil0TBGKe4Z/tHM+3s71X1rYsSmB7baNyo5kD7mZ6TsB1SBXCwYwNaYGKmMM/fuEN4LlP4c88hcQ0SNMUngeQnWP3A6qoS8hO90heypTEDDUUITsAxZjyEK8JOq4//dtKYY2DThz+/XUH7IYR1CKKy7eNd4a2aHiX91NHAKq2mdNlM3AzjCfTGNfbsKOUackezP9dJaMNufg9/4CAtrOI3OCszS3YqOWoRdZH1SFhhKBbemT15Vjn3RRV6lbQLaVqrOhWREbokYBc760hoqeExB0AF7FiLZDUAW9pKgXP/gxJ3kFtxk7WO9cxJpHIAdIyfp/LE256KXAJAAAG/io1X3R/aDglHToWnkIrV4FflNJ0kBGRbaF159NHaw1mqmnBzK8MtARrO79icKphNdfGKUKj5aay1H132bQEG/Zio3LRkk2oIvLzS3+rPlXPyinrK3hBF9qyd+XwDIU73440CyfrhX2/Pt14iUAaC3G+f6WJxwWDp9SqXvj+iTAHwV0VIiHV9zTQrqRt+TH4CMRx4eSZ7rxLUzdtxq7pYypDpaZCJT0DasULbDgokJD/ysNQrpmwfMKftopTBUEiUxTNM++GV71w8ewkQ46/pp5jH6hv2lSPOEUxzeO07cccJvimNripYl2Xauyhp8fO+GaJvYjtFlhXOOJOaoLMiePp+mmdnJN55uDtaWFw0tKXzZIQ6uDUYGkIqN8SmGEL4ol9Gwmsnib14EBrIunT4uVIX2pR4cjRY7Cm1KwVJxYdnUQkiBSoi29A7JAJ57ULBe/ddUdqPAJnKdRumdb+sUHu39ei0ivuW1ijBIOHRT7KdmhndsfsUE/HyS1dWm5BToPUqbzyu5C9jOBE7+wq/lFiNsCm2qxdrWpegemq4rwUKGwUzAv59RwzEiqzOKGO+JhJyMpn2kIfP46McHBzrKh3uNvx+lrqbSwl0DPET5LKMPCOcvfmQDqEHWRY0S/g3oKRdqIomODbM+e/Ln/F1SrM+NVKuz9rW4dgvCU0Lp5utIKRcly8fCviL2R/ez1l8IxHyZse81w4QcsHXscLuYRjWojKiY+aivAroGEOLQW9WEQNncibUz6DN+d/WLWa9ZrCixnO5VJJt69FCxaVQKtRExtU3qfwPE4gUOE8IIKGve6D92kgaPG0CzNlD5W9mW/sci0QyFM4+BUaIWwQ5ZpZjAx58dsFqkZYLZ68ev9pag64fMlQNGYSVpyBwxA92i00WUghog5a7E/SpBrNdlj1UVFk6WUsYKbB6IALNq5yTVTpT+5VqdiO9+4z7VT3MN4kDNG6JeUF6+yhs7gw1JPE7V+PM9edU++GNPVcdlS985E3hfc8YlEbSVo1UWmIiDw9q4mGYAW2dFy7HLR57+Eyz4z8toVmlp7d4UM508L3P/waN7W9GlKpp0bzQpsZcK0FXtS7H+MMUxZm9yoI+x39U17sbA8N6C0uPSopt8rmQgFzOgEOOO8EcoKy0nLjUbMG3+M1U6TYKJYjT08pwM88M22tZXsOBDcWQuPoni9mrQa0Ij+SFGMK9tVbr+NZ36C2wV5HlUPKp6KGC0BX9IIUIpV9ZRBZDqGqUy708bv5FVyA007ioetc3X0fTa2AhsaUOHjKMLWRIh04ADxZ/AHLhKDmWwczM/LajG9LvbwzIoMKfBEMzRTUxr4vImBf0O+QF3jqX5S6e3tZH4drGSt/+JTenTdHwNeUxGQH+r2C/PzK0XDxCnvYVRyA9R/xNwa7sowG8KlJVXl9oAf5cQ0l8eKJDW3TziQl3H9ykdJtUvWIOo2SujPO5aQD/Hbr08ZxPcD4ox9Bo63YsaJtBJd7ypa8KEljdMNgCQ/nnz+NFRD9S/K3HyPTwYhwM8P8Vj5hmPyJwq+OsLlxXX2aC+tOJqOqSvFqee4RDF0jvmzl9P5eUYdzhnCH8lHsZTke4fkAqtCnEPrFzRF+fnckBD8jfw9jaRELWYlBxSovP5qlKof+rxapbjJxRDzD1J1mbAvG1n0hsaG+zsKEISxfiebmtBTguq8BfCorU1fsYKvNQkdoHnvA6NiRvPzN99Z4lp0ugTE37YH2lfSLwsl/B83fxqsEGG5RFLm7n7jbmcw2sdD19Wkk1uwUw7wkzlCOqqaorHJ2BjJ4mO4p0fbEPP7flWlj2vQGNedcAdRjgPIeskw7RdEpHz+fCc8PbM0S0bbOkR672msPpReDTuo5XEBAb7lScaT4hMhnvk+3u5Qim4shHke2uHgu+djn3oKfUHiM7zWnBJPJIuCO+4ticOSNy1zXK25ZFcFp5kVrPZTBM+GRg4GSu+ysHaa0dCmb6Hbp+R+Qpt6rDVbX95XSog/cqPJB8BLNpKzuVXlO05jPuqe0eNPYjgt4SNjYT8ENPB0v7b9DXN0V9glh1rJ5VIHgYtqYEKhN3ZOticGbSKAEezmtn6ZUCp4tr3WBGWgoa8EB976IuK03tPrqKXb76ed0GVGh5TZzb7H84KYJ031scddwpZZawOJbm4cTyaOK5EpiimK9khdI3l1sYsABcqyX6fzXuwiydB0U/GgoJ5gLlWhJzjINj5StBDIbz0KIPltNi13Sk1+AHRmouHYm8Z5YJiVpmbLoeJqie9fg89/5ODH3DIBtmKiifVDl/Hg3et9akD+f/2Z0FknInFw76FhfHgAgPis7xZPRxUij4jZMYkkYiOvSPtXtUkjpuvV6NqSnZU1+6VMB2dQ0bU13xotDevcBvrMcwIbUCTIl27qHb738vYxawKyd2rX63Q0hCWCfCukyaCt2WozEQa1YsSt6Qk80BKu6ZHjgB600GItsrXHKHiABJqdDYPbutvZQNuXRO4w2owGYUw/VYK+vXEpGY9MAHCe5sV2aKvVeKsVOA96Vp1Yei6H928K6tUBdBPrFuz80g+70S3+/QQQfeOXQ6mCw3O6tS0kxN1CjyAoQWwBbZsgTS+FwxiKPXSy/zLiL+AoyJaFYxNNkI1BBjoZeY/4IDJa7gLHYPBbytKhU3xdHMIc+OsNDmAoAtq6sK5qLFotaU1Yilc7uYdEBoZz1hrv3wFBLQvScSRCxnp2RPhPwY62uJNc8y0Vl5CHgwuSd2wZnFpvAatlYqC3ZJeB3AOX650vSjf/dShlnCRVcZjg6lzOjmdYZXS6+i8bVa4Gp435lCwdpMourGkxeYGDkrPcLfEzExNQj5tPij9vXhLelOW8H5ZzkLHZrxSTqKESWT1RDDhuX71EZcImNaF7NdCQeGYUFhTCcVuuk2F+SPESAUm18qFl1Zh/ln0sgl7n8Der4lCYuGxj6J1O63fCQxGTaWoYcNqxs8b5nqPqUMUOCqKActFoynSKQ5dTJnVg9nDmxvS2xYqeNDmqKV3ebC9H5PVM7jrvHPJsE1p8CNQZ6BSsYndvN03Q8KkrscxpLUD5oXUAFN8HHghAmZLcRb+mzPBpiGU9JaJ3QsDWhbw4EbGdcKiEnUxbNqp9iswtrAqDmriNYLyFPwweVdZAGbKj4M5hT250gikqMRjNJ/3HpYqzsVcPs/oBMIA6/Su4uKi9QQYK7Z72c/yTMCb78XNWcvboBLoT7e/KytoOmW+R/if/0IFn7V/2w0s7u1qUGMmdK1jCqw6pXACcBMKdVOxBLmGIAifHxjxj/UZ8bqgxE0MQo6BcZGmwpBni/3jEGCrt+7D0D9sYZAHMJDp6UPFC5lPq2bhrlNYUTr8y+Sx6846SmRFRzCzIpTsg5gFrnEQzRYTgbN5oLB61r/BSo41BfEgfzDK6CTe1IdSZenjDLv1ig6J7cHK/DEbtW5UwM/1dy3WUbK18gTLMDYEDtbcXAf7pI6CfDb/qpCXSpLza4RqC+18Wtdiw9wYnK8H+QymUto2Tu1D9UUtY2pZX1CvGEdFDdR1ooekhFTtBjCAlfvccoQOsvOcMVJt2BBeC8FmzaPNPldcq/8tkrjqkl0xtHlkJrtQWDcRCYAdu7hXNXM1ddGw3sdoCTWNzLYkzP10I8pODpGQhnEvuCAynUZIinuWPhwD1xyHxsVVIlSy805kVCrWYm6neTBXCv8tpiuVNFZcoXB+W6Mi+Ex9cl4JE5YOEXzM1OqbyS1Pm+TY5lJeaUWrmba3TLFQeTprYYeRUkvPzxfE5+oHbyOQddM3E4amkumjIP4zGiaUd5PEo+u8BBYEM3EdQkdKGoHSU5PwZSn8BJIlW4B5hWIOUCMk/8nVfk2aDrFf0upVcM7j7MhVaL5tR3y9klJ395mMdM3hMMI+QiHPIP30TnmPcRK9ZHaNA0zsXDzoEVk+xkuwmrdNp14w23Wm0XP5Stb2Isr6xD6gsxjAq8d78RP2qmhyV5YWRPD8sjtlpKCOI+tOGMOGnrP8xvWkJmGclOkG9I5d3C7dwAOI8Fx6sMMAqHVa9TvsMLgl0z+dBK6wUcHnrAAoM5o9H3WPFjOwUUYk18io2oQC0A4P6rXT0oTQYCIRMlMLertg4ZUBNr3Qp6Mvs7u/tshDitL8LvKzLn22R7OUSYMt9XFgb9nsM0vpT62rba4/SruaYieYV9mJ3WrLFpUjsvcx0/5w80Dm9R0QNJHyqNAIywoHhPSVlyZIGwVhbcLtu6R7xcmMkXoXjNwJQ/J+p5l8tO6+Y9dGTqErbN/m7hVTWh98Tz0Ii5XMUc1yXvVtTuwWCBcm8cSf5dPCNl88VeCM+NZ5roOPQUDoMBP0y6hic8ZFI7Xevcv2IwioHlDoSAhzjB6URaNZ11WzzzGTGCZFlwgcGu4xwUplXtUZEvOzgd1rdbv7sa7zw18lw300IibrPNQBew6F61kaKOiLA/zJkIk0LXUuz2m6ZgQXYcWfxCfFlrdqI0F246rfzwxwODIzTiMKkMcWGN+iu8LJZOHL9r0oRT5zgLrhwdy2ehF0l4ZHBrIP2EMo0aU6JtSRy4LIAbEKKGtUg4wPgBgnrhXq/0urQENMgEu5fWPrcWohc5QcIMbP0q04XXhkWRCjGAvlVlfmsOKSMdT6LAvxRGw1Dvi0Cw7qAu4X8NmiGVWwWwn1LxjepsXFCY+dVBDaBtT3+Cnwd06swmPvvP5otr73UV+tA6YxQQlCSOtNqPrw70YJu/p9QgKpUY+HvmN9Uyw3Kpaj5qqYT/xKTs55Zyiu/gKLABYT5eXtzmzj0jRoslTAoDeBmUVikTEJQJeBoOUSqbNbeXUh0iCybbuDA8JbQve3XahkvKJRxY5MOnNJENf6+UAdFw7MHn+5du6OMlI2afhYNLF8ZMIP62Pz1t6eQEfyTsYiPUHDTVySHjACtBOQA9P+lcfRDwItMziUm5oEyERkchnADxK/jst6Do0fiE1Fcn2SnmzrAeDGNp15n+IYkvXXVqmRBqGitRhD8XQuErLe7alVQ+rlbJT67MwHtUDN/22A3mZzuaeQRoPht2lnGpe6Q1N7UF6S5sW552uuzJgWy9ybGdZAAAJRUrdzNR6JsBJuVBCshU/S2O8C/Zx0Ji101qUvMmPJqYm0gsPjPKQJW7lSO67twUe3xnVHONIjqb+0NlGgWXZCPLMrXAt73h5lSJ/KNxT4D+JPmZ9P1dKcHpR7JT6ON0fO41MA7+UdIdhdCNAO9IwufQbHq2e8YYPAk+nG1bsNkC8dPwdvfBd1ieI2qBX5sLF3oi8gaUqT+KJJb0+pxjNBJUC4es/laFYHsAYa+OCEI/GD7aiilV3XkMTatNi8hwdhiKnwaWsGRZOZOfw7JKzztXFoQtMEodhVKnlm0ElAkWjuH/jAJsSQ3Y6VmaGGufNWDDxai5e4RvJOSPJhTxvFhUJbeD2uXtsrFwqTcUNnDZldojudOjXl9t3WO5WxCg4STcnOAX7RC4VgcMZRjY9NT866wKYeuaycS+B05+ZSoJdjtWWOmUr4AIL4bbxXxZ7rMCezoTgMQq6xo8PE6XJ1d8/OuNB3TU846g4Ny2N5hz9UULjQmY/sSlBr2j83lYO7LIPH62pCQnMZA4bLvD26W+EJkAGbv6gxxSYiFUZmCQcJXrWJ8lWfU5Cfs7BaempCG4RL8LNuwRpAJR2MoQDfKseItxfJJaTorgHdr8bkLKlinOe7Q9x1O30I3+HAJRTQ9uPRuqYk0cAHJADaOq2cMb0r5z0LjoVDcsFLM3HvhNb2F7Fu7RcvaJ/UzpMRXV8Qe6KtlDgmZLsNy2+X80WXc5EWtdG0f+lb/4czpwgictnajyguhTcWHpNKOJ5Z+cDIPKLgVlcsowi9Ghc/JkMc2WGx8xps347wozo+IW9AhSdwVX6vpxD1z5Hb6af0cDbDa/6mUbUuwqhNZXCqJhwzmqtIh33hLDDsuzHEv8KeMs2wD6C4/X8Au3JIy/ooQI9A9f2w7liQr5RjL/1gFL9bCatFi02DLLYh7IJ4wmiUu7g0seXtylCfHKHPCAkxS0P/LjtIjfUQ70twbO9QvVB3oKehq4jUYtnYOTCy09ly9b7VqQjPKh6n8EXrSkuuA03msnUPCDDj1ZmOqih2HElwjg0J4JYBO9zYizAIV7FXJPVi+Nm0ulGeIBX6fneZOPw59YfwXxIg6n7TIXcs4ByLqO+xNEtNDwvd9Ecmf3GS40Em3smKin46R4n65+ReNBQjiIhLzJgeej7ycLjog6OOA0AfL0sjSPzxMPr5DYyBscQo2OmpwhBdrQs+fKiSMdTclq4h+HXv6M0GlIUW8Q1HZzyEKyyIJ2kB51igPdbbeEJoYZoyJnZR5vMaknM12F9N1LIiiK2EBP2fPTun71w93CEHM9MAAJGs5a7qrgjMd8I0ZTKAbvE7tajZ/51iv28eHkasNcyv0p5vyTaeKYGeYEnT4qsodqIDJI+8LBUIBEczyejT/ovuBwnU1FOKbNbAIDftPqiyp1U+CaVudvujJOhOBuiT/SM2IbutsNv6UfcOs6YzHAllw+YLrH+ZNKS19kz2+yeT0a6LQabCF+Hyoxkp//McEVoEvdbmYQTskEY4GscdY2cHWI52ahSfKgyLZ6+iLpHuTlPYI6u2UBKY/qcOcf1A9sIfgmA1f5MJlWuNBx4cBAKZpbxHd2Bh6eGIkI/LD+YUOR8u2P/zlTbasiK3kEnmHpibQxINO7zZRWU4P12PSckft6UaJxTgO22xpAuWlZu1WsRdRtVsfq1xopLIxI0OwCUC4pbdROVivlWS7yzgSjd0Vd4wdrzua14eSkYK/HbT66IYg4kS3bbjZ3l9YzlKLzH1CNac9Uj/mkj6kq76SLCTcBGi+FVMIgjtouWmyuwYaeaA/pjlrrpLs6+Kmr4qnfWxBrVDNL331W3mv2sc6rTEHkeqY3K2jy0ySGNK9tSaate+i3AAAE94XhEqMbp3phIw2wpuMKwMw+j5yphksHwdWBn6WrS/z0JMPtN5PcCvNI4ID0LFYl9x5u57hRlm+UNuYeFMrL881LyjTbR9rdHryjRiskccnXolo35FtEYVJrhin8ampqwlqCNiOBXPuenBfFpoSb0z2PEInreJTeRTb2oUHW/rHAGzxL3sPfmNQReI6C9THIWrukVcnl0GzB+2gp+B3yuvoVs/yYVH5HnEe9i7WtY3rOaRza66+cvs096lxtqgYFqSFUF57Ni/Qq4/c6ahhSnlwA+XFFRDtciWXW7+WlIo4cYdTrcPMuFr8LVSYp4tHywNcyG1jhHFCgWqxXMzq+OHqdDUbqjTl1cM725u7q6ZM410ZTVj/4y1hr/tnmQ6/HIOfoW+3NUU2ly5U6VefFx3WuMIeFcCqXZO3N2mujfVU1FGb0o8q+UGLFouKoUHNtfHefoQcULXd+HLd8GFgKXVtM8EhCIAAJ6Z/9+SjR5sDyVapcqlN9vrnXi19tU2K5ovO8HPlGA29Q6yBCzoINLtISbyeN+2ZNOsYVU2RzBRObQi+/KzmoGSHvLpW9HVrGz4T+9TTnsPbVg227GBDxx0jO4SPMlqQCZk2maaWGxOagQxZm9YL+b5jRWkpuYG+mKVKthLcoLB7ay1vEUp4N3YoVigH/ticDcsbaD8IqBGIQENlMEyuuY3W7MLX58XGI+7F4S/uJ/8PD1CDArlBQweC67X1bTGZpkJmDEqQVViUeWAdRyDGAOdoBhyCesk9MQcZfPoUevWytOXaiTlxNKDlgX+MFNzDxQJ0ncHjFF+tKsE43+ENSQxarEj0tfi1OMKVg+WD6NygZ6IhNuKbKMdtZPe7vJqW6XK53F986v+S1OsrsvABIn9+ujrS38QRTGMP7A0Q3OvKQOPl4yE9WBiWio0wjIRe+UPZ6ql7ftNnnVSk0wNtjanpcwo7z1iVnicDXop6pcyDBjkxLnndN7fhTtyynZ7t0LLHv7oKQM/06cl+eoNm5LY2SPgChcdG186Xwb0ehlWLiJ7e1jbVmfA/Nf749oUyMmImSHMq77pa01JxBonCV0UmuL/AFIRji2Ys/6sgNHNUKJw6bH4CqzyKli60cJpE8SPu1XmFQZgeX05Onfr5WHvcTd4DE6MTD0bp+0xHxMolbxQxRhkyJYgp9F1JQeT1kDAZZ/ju3zfYIq9ihjdFi/0WnkqFDl75WMeMKr2SA4i/qPoGiMxFDAACcRTPxOwOOMv7ovXDc8NyyFmYbDiV8iKNPyoMM9ahzFeun8t+DzYTJ1BJy7ahE+DdtoIqlKcwrk7CZdU4bYDRsL+yUySLRVB6mWB8gHrg/GDXU6lvwXU2Vi2xilYLUUfgkQi97N1173sz8BKadPhwc75P2gORTgbhMyrke+OLxReupMbDCcJdekwQhFvf9tWNf3hMGbJn/yCx+GmysWXlAx9/SIwf3il2zwv0JKrFcsdRsdYHP/VafNsCBqHxBIWlmwfLGiq1IuLfYhTFIuJEdVKdNxQeWRI9RuduemjwjXuTXO1kW7h1wg4hisZ/KahXQNfDRkKR2PJr5oS5Z46TsYRpHOPFYVLS0bhIOZUAABqmKy0RrujWX7EmILiicb05SPkuX5DHKus4W8gsZ8f+47Z42EH5dUKJ8dzwib8JJthg1Y67ZZlTt5eP8mZaBRpMdEdFAi0VwelwU/FwCTek/02QnMeWqASiKU9uYfRrLngUI2s787qIy5dfNIAGXE4vhhIXZ6Sp/0u4uNGW7bCDM8E19/aq1VPO6B1lY6932ABrg5zAlLXrcxQOtrc+jSXCGitaj6tD8WrV7RLXK3HUUHLEVIxHQqX3R1/cZFyTlNAr5QQtH1hD/qfQFLeeKD1wEKgkcIDzIAFjxLyMcXdZw9Z/BrjApMHH+Sbm7hjILmLemPkkRNqKn0ygz+mtI69Knd8ZgC9ji78vXpJMxg0Cr9mpRGlNzvwxL/tZlw/MEs5Tre3Yiq4JgHcTfrKONSnUGFgfA2U/1ZrUolS9zeVF6WDwV2/Xs/6w0c2SUh8nPh9E0EWDDxY6jTAKTESDDhA8TCQQXo87uAWl4jNtkX7WUGE7BTF93jneN5gnd4LDy+sF8773rXnRkgAd+4fNdubRkHuoG8mRIGeepBSiSvtJqzgmD/oaS0EKQHQiERTkJIRA/rMMlc4AaPsMaLrYTNafPFBp/Sm13tUg1Z/HOfG1xdVSf33V8kkWbk3G76OQcTklVtyn1WQqXR1zXbAKGAyZThWNoID/yGKEw/gUbk3FOGKOD5l4nslRB/YGXbAAi56YQEVZgBH20vZUlDFCpZlXPtlBd2Hsmm9VP5cBvLo9X2aeNnBhbBvIeT2hrexm3r8t9/EL3Fbi2Ovvo+XMZSvBZuNsAo0R6S10IRuUkwr+igA6joAPfLnK96T1zysAAAATdxCaOZdGITv4XdNT18Ovs8AwY6N70Cyn4wljXq0uMCf1oVCnOpl/hBtXi1r2JzYRgAAQmKb5NRRVjXCXrxawdeEmkCGU87TJtl8ZsF3JNdI/gN++WE1lkZ9RVj7jUCAin9wKByWfTgaICfR+Swq7MpGQDHlbWr//6Gz7LE+wGNNEyNTyBZa7gac/2uJkfoMSsky2OeYRB4GSd7yIbeo73GkIhNUBpZlG5eZWTxeDXWFmqUKGmsB8fiz9o7BRZnPtcxsiT4yhGui/5dYDawuw52AADgIDLFfN6X8Lh+7z8GGZeWiNlo/n6bSr7koYGRodsfV252pbXDtf/AVbI7W9r1YCNGHmEOJk33x4go4IF3z0jViHqvjrEsvUiDYrSwftVIdwfLiDpeGZemtLDQT5/0ORtaxeWMSbE/ldi/UuOQjsb2KaYgipEmx4h6fl2iD60/JWGj3g+jt+aYh85K3nAnJWIBF0DV7f2ox6YWtx//chFBZxV66SLkvR5HxuO0i5vaIH5kLVe1H2lugutx5dIT6mAnmzTc8TFcF5irNiDuy0fxyc7h+EcxKPbXhLrzbRTQ4ZitDaI3Z7/EMfZT0MURThoOENEEtlEntL75nPUCvHb2U7qPT/wslWUPHRMGM1iYIHUnm4W2dSab8nCVvGkto2FGkXTN94jBwfrD8nXpGiZez9S3GEhneLSjO13l1Bc/daiGbPkYyshow5XkzhZyueVb0abSN4H+HnBYOH2pA8jnSFQeA7aUuQvJZadnP481+mjU3axQNDZ/nQP420S5tW2vePrGbCSs22l78kWb9EoX4WHyiZDSAFj6cdYtwoUmyFSXuDtxvyQfkdFR9x+PSwvZNL1bD3B8HeMUG2rQ64nbGwrm8ZCHFQuuUT5+LxpA4gAQ/wMuqX0he1ifWhHm31kimWm8rpVBMeN3J/qRbavOpd+ZPuFPe1esRScwtIDsDRlmixaGzsAAI9hCnCVZDM/JzdJXIuC//26a9xKbnqqPDdtLIx3PoFZURkbUv7s/M6eAC5Ky79MdL7TmAV2mSXrBz7CqhnTNwbD7XsfbQxp9TM3yCphApKJOO0SbLDhj8VyO73NnXOx5cwkdt3xNVUFzQywROWwU0Lv8Ton//zY3v8sQdyOwJsOeqwjjlCZ/SSz+GlYUOtCtLfPXImHHw0DmZK7Ffv1pcVD2/32cANOvHafVFpJrxsmftxBsDXSBBUcOT80rFwixcQxUkoviIhWQ2rLkFQeLynAGh5qRPNCa4Om4GOqY3OB1s+3QEkQ2y0lTxz7hgw5dJfjFg4UnFleo1o9fNA/RHu0+6KnbKC6TCeuVggQFM6j3fZtqcpcfjNh7OiS2WJAdMA8WJ3KhhHIoMTZLckDl4g+RB0br3+XEri4lZ/Izt0alH36OUb9J5w+4KkqwWbSpLvUculg4ZTgcEVjYVGWQoMLPE83OFnT9e4JKQX4oiPICyTqcg7dVm+rdtV2YSXru+Hl31adXvaGEujyjF3rvST+Zfnf7U+pvTZk0I1L11BjLOvWiIyQnGU9isqgAXjjvB9Yi/u4Kfp6zPr9dGK3QmQPdqP/xBv4EqjXvyccGukv+bQaB5EET5ZsQQzvEphIre4EV6e3B6d2pzAra47x3K6RtFS15XGJHFi/8Xk6XPQ77SY02m7PslBlSH12BiSWsORGzvGkFdQ5/9K2+wySawsrN86Pugyobp2UF0gZyLKOEagb9svYJhN8MPQObfXgCIOq34l8b8mXB/AoTjU40+yIw6tR6pywdxOe8k4wUlSv9MmPRcuWREFfBTLMOCwza02J+Nyij4/NHtCK2lProq9SKuiLeEMwC76mDC+xCtmvkTWVQ/S9EECmzCU6ZILImZK8IpgOSzPYOnpoZJuf1qOtMtjWnxxCdZVGod1NS1Vg1XBb0E1h0007MavQPZgFctFHy0q9Pxa6BLdMnlolRIeNES8lWSP/46/xntoeY/iOZ/F90S8h28mmLL+tfrMH6D+mA16nKf8D/eV/1M+fvHWewHoh54nnO8Ugtj/UAZ8c3DPe9spzdx2NSaxKWm6kZHM7jhbXyV3+01i8t0DwyqfmF0/yjVWrybdkm95wyEPffpIj55xGDg7rgGaDoqCNdoQIaRnejo5Og6sYY3Z8p5beHHXDSlXKiYs6VPNfrSgF4oaIDGMAXxs7B6v7zCgaY3y3N5PyqyOfG8naqZZc0bH/Ib9N5gob1YaxkOlH5yGfCVhy2ai5wwG5HUnZrye5q+snqIAmokpgTsInCZrE60ARHCKaB5yE7hx4D+4pV97c/XFx0wtIcTINXf+m58n10OgjPAqvjOt0nv8q0DIu5sTFb9YJ+oRgEZwW2m6TsZ/XxhXrZUSbLO84wqe3bF4JaJJxg4GvURxLBML7tEOBlZcXbpOmxIJKx+bU+/Ief5r3a7ZjyPeiLXKV6ehUqVQSdH83yI0Z9PnbgM6QA3bWyIhbpSt7CCdJkQsRvEZQcYM7M9bqlivxv4v1OsQJf9VM8I7a0NnPaChcfAhY02ucZns/qDv2rxElYpt6T84XkHw55gihaZU4SpfoPQLhTl7qu9OQaPIrtXcap7ju993r5hW2fOGWQAlgQQisEn539QgFdc2VSZgBDVpLNOby02GxrgriPcM76YhaTfte0Gtn+zJ3g5/3jFUCpZklHmo7l9prpHPUR7mhKtR/zDUsZFfKrYFLb9K/+AhZDhI86hOWmXnXMNDkXu262+RTnUngCWmP3PbQpTFdXU5CJvN4rdlE8l2UnJnEMmez6tJJ48R/znJYEgondgtoXVQXMsWdIFMP4YrBau6Ot/kukvdKsukEqqsIKip88uLAsrbQssvRPwQgl3aMMPmSibUPrdcVBoTUAWIjO6atU/K5bvXunVr1MmBqYR6BQ267iWjbiACJ9P/UqbJsNfvdgeihMEeNglG71JT6MmFD5Y4n972lCib3dwiIk4qFP6KBXtG5YYdePEz+ca0/CZYndIFv8C3qD36BGrEiinMIQGVRe/DrfkPFigPz8Iw1JO8FdJYNYJ41WudO618JrbpWFlfi00B0xBGbnlHp3cpRt7n7Ma69jMJDRf8WozCps9vwpdIRfx/3h8tKG46X1jEpUQmLINQxo811TiAgaGzF82dAw2X1cYCYKUO7fOXv5sXfQr6nWk0FcLuqEJSiwnpRTRMDyK8K5cNTsOV5OfCuoBbBs0c2Kq9SpiTXn9JbrHloDW3360PaOTeLM6px0ukWGTpt3tGz/asE0J1CJeSXkJERJxf8YkaEmh3GmKm3Rzm8fMolh/3FggHJBBjTRPZSOKpijluIfgig33hPGSmTvcP1hRSyG28NbxcdJ89O9hJ9kD1zsOsuIXAAa0jP2dup7Swo9MpqBsfh8j4A0JbYEqUY2JLrFngpGxR4xXsA1CJkGOgdDOzakAv9xrLPOTuj1dt1+mF7aUeiYlxwscybrQWggcBD3owbSCMMCyokb0q5/I5T5IQhcg2FcpsAifkh+37ff0rXjaDauA3GddFwJtmspBm+7xf+AlR/j5HRmHKLysWDpdLxl7vbi8XH3ZkDwebE8jlNszNP5JAZyL91abkhBTy2BpE1e5WB/5iHKg2+IqYlIgOD0+kMzMroYVYC8/rOQc+L21R2TJInNKwi5wKB82VkxdVyFClxcvKURAySAnffO/RLaY1jTg7EjeXGwPB3S7UtZIkukl/z7P7p7qQYcRr9rJPP7oNQFtcWqbYu4H4eW4SyxIYvIk93uDUJhu7g8PWCEyghTy5g2s0NZnzBp62D2mT/3MCQXTn/NIrA9JY+AsF7Sb679tgAJXiY5AiCd2VEUMR8Kxx1cRzsFLATKBT9pMHrA0RRrk8vnu4eQjFJa0luK6xA2aVt6xwEQNawarm3DiDIhQ1/VtWoW1XP13yj8e2NLZjEtAktk0ATVoMLLLkAWcQDNzynkpTSVnJMf5NcAjqE6NE0oFuZ0iI+OZGKwij1yeNXuQ7swMLrPEwKM3xz5zZ/fR7b1eqNq+ZH+u+O/qe3oFzZuwi1YWKsaQ6RccTDV6c5N4mEducu/AtdHiaasLCf8P1cqGNW/gmovw6YYwyVH8WhTc8V/XT9bpBfkgS+pKn3xlhwMmkzrRg/FZkjFvcKb6uJp7vLTOcjosHL8RrlyKvaLvnTBZggrqpCYbaNI+SXhKPmfgonnJrOXC2DQBTUTgy3io/lsVkmbsPdPqc2MIG+6PrQN1WAAyCwfAAcxXVMxjjdaSxscUCEoqwSZoD1DTBmT8+uTyuFlTXxYRxVXBI66FRvR/51j1X1flf47Xn1PLSVNgCD2Edtp7J2Zjd1yuDYJD4ZAuFkAlRpuaQKL+JufQwTMeSBmg0WC1jYrxwa5sqdNKp+Lc8whIto6wJ3RzsEqNNFIbUbF0kEV4U1Emy4jkkrr/QD8om+GIfo0Vnh6ILJCAge7Cz4ojEpqK31MIDPPgvagriZLI+RAXMTFHaUe02jZRPPceLd5Bnsfcd0FVIXkowFxR6ojJIv05NtZyWoa9VpHM6QSM/gM7n2Mh1czF2RRsc3Mu4fBCF9nVr9CSRWFQKKNEUN2BvBNDy1rKX0UOX1s9LlNE4Qfi0sqUUBdYIAoGtQokXTvciQ0QC9964hosJk2tsjQx3f7TqMeoL8s+3oPIZsRwuWG8I4ABSTnMaL/zjVx3Zhuc6IwQ37eXYWYcg4/LVS2bOYOhGDEdd1Bp2EF5/pvQoEXAqVPDDO3q9gntOWMovAi/3KB8+MP/EY0V/xXBkWHAQFGGkNFKkrSFu1/qP8A6gwpl3SvQKLW+07r/SK+FHZwA2CS6AzECO6NsjLvTzSs8dnJWvZ0+4HyWrkrU6ygRlg+E/9dqy8uqhJvJe62oIWzbAZKDFtg0l1wABkTXePjdaR/6e6eJxmGGDBT2cxFmm9/G16hPn6XHPXGBggGFVULxCkmjx9J6Ub8Qr2h1yO+Nig0OJREk4O0RnK9aTwTW7Bl8jVRwSLwmLW+LUtwUtpLvR1tBHut+3RGzbFClsNn2MeoiS7YGZRZEytiWAT7wzNnzIXlNvfJtUgumrn+PhPo6okQYKAZRXLqLQ/8Fc4C8b39iT9dHv+bC8VlC8pJ0JvF69Qh3umOqeWzu/9zCHJh6DwDkr73dUtcAnq5Lo9nn1vtMkwc64F8VmVdx2HcSN/Lj/5HoEE35JLn8zxDr5l10DjOowADV6tPUCImFJU81+MRG0A3NTzM2/6y+qWLdRzm+I2U1jEjQpW/UqYvtx4m9Cvo0qzI9OljYKrTb/QQYAsPQms9G9VX0LeMyacdZ4OJj6AOL/jYnsbqzExvY5xckvkaPj1QqDLTuOz0ixedyMw5A03/AuPzuxCfKVw0qlX+yH0yx18hAcwCLc/t5/7QirPoD/xZMswPkKyi3EFPVyYr6669dUse2OEulD76IHORq1phP8aZbQP78Qoc7Wv0WTm0CiZnQrztH6sn28wNob7cpNvnmFb7cE04z31jayc9F1WyWMMty9w7pQrfnySF7kwd8NDMPKrZOh6JYFyqsnw2Oj+xeTWEfGFJVIeg0Sn9q/fdYHP/RYma6zi/ptpwWjRYtMv6GVVktB4z61hTXWsWJTgbtX4G0QX68KDCYD1W5FsuaM9HylbHUEGaKBuO0aljp4bf3nEvBDF6xmZLXOPJcfo+SNyhUEBwhy9lc+BFoOOjKER0sWJuGJ0QQywXZ+Dq2eDP/zULoBhRbw7EgRviMao+oTeRXT7VCL+OaL0qNPRjIZm4Ki1TRqjSxLxzoPc/AtfpiArYbjmIZejE8qHT179F8vXXRMwtyPmi8E1mhw6yGKkltZQaQCKDJ1T2rIpvCkJjj0Rn0AdkGxmxp7G6mmcFgx6qmbIs46jodeI+SU5nJWFFEDaSllwHphMoWKyCp6GPw+FUCFEFoVmJHVVMVLCF0BmEcCWxJJMmpTwuPSTvXL14N0Qv1r3OmUajFDBqz0FJ+kRPCjWrmrc9C7YioSn4S007+SAeADaCWWJBuQbsJhKQdvWBnCroEj+UcJEjZ2ZCIjj2QOxr201QgW4VTtemUFJAk/860h4Ycw69hAAjFWXM8eziAn4afXj760p1WowIPrau/DZ/pOuKjtj+uG19nkh2BfPLDErYeY1Fx6N1RLMD0KJwelfkXFxvN86YOnUBtbTfbaKE9InJ4T3JlcbAheZXPpt3xxC5yh8jasUB1lcTVDjbbFBiP6TbtCCZUceNAPoJRSxk81VzDtWhYWN8Qviw1VbdkEuTaMd5plbYR/CJLphDg85eUKv5SZkrGqp9Uiky7RE40G8h0F4J2tISAoT7dQHw1PIFRo+uHFbR3b2f8YbTuI4GMFwduYinMpHI5jqYS1Gzc+seZEdS5jklnNB4soRfl3POX57rzRkTUkGFyB4PZIqJylbGPqqkt29bcYDmoAAAV9akK7Fxlhjwm/itecZyL0WnRY1uee+Sa61iYKzKCHAdinMgb6WhDd91X39VyfrdPxAw+5S7m86/fF3rSUDTvtgOh/sbpnPe4vVgpml0HE6/VMLYiSpYEPTFAZynySXjHl3PSyEFqezsJe6BGK7GGwJn813kYUUIAm25dHGQiSpV3+ptskjHyUZTeSxAnirOIh9N3ls47Jyhymkkh+8OVIuGb4IfPCNcnxqiWF2pA8AL67XsgH2A/fxpx3GRgAUY2cbsSGPRb03avjzDM2iNgPjWkdRXdTMpnRtWT932OZgQ8qXv4vaMzTZ9XCfk7fDTz2UW0NtO6MshMPNe4zrC8vQx+dEZN9wcH2l9LJpnRyuwcVFTVz0oAX3UoHCFv0VBVC6KfBhMS1qgJLK4cvxiVXcUT183+7hEiRAWK2Synq6sFU+M849hOx3JV4xparAcoT9l7RelsQMb00oaRzrBh2xaJ2Yto7hbyZ+QsX5+3dgDo7Yg4oNaHISIC4i+XcfLnEKSuaZ5KUlhHJEBa9wiUgKDedV60X3D0l49FXEpMvORKNyPRtyH5wzAtXLD3VtvomOchjr0Jw9Keo5ZsyQMwO+WgMbG2HiS1VFc4379AEcLqh/+2ZfP7T+wNyEbboKbjdVD0mETjeAiTB2KO1QL6k0wnkfsh8UlviH1/fbtbhSD96Y+wytQKI12DXR5701cxcstNLZflBmqu9mxTUVK3KseEHZejEleU6B7TUisTA5s3JHwAswulAA2r9PgjlRwnAeTvNWailcDGD5dSNppfPeRNU9NfuW3kerWw6VZMGFl30evWE2EiDm+7efJ26YzMTGnCZ/GlBnMtGmI+skiK1/8mcZTA4NglcIFQTpmg0Jhvch9n8o/PFrz94z7fFkF8FcGIHU/HdCAE8+lkzaiZ5v+wuApasaS40aBP5LvO1uuEDaFYZV41YXncXxVI9rsXGx1+pTk+Z1eY7ZiVUB1jrntfoWczHlWRg4RV6msPsaQ4/OtUbSyCGLSum5LlG0/FW2ftHGE0XA9/7IwQiP2jwDXenRV3ClJEz9MJm/LVyLqqx3VOZWKzp74Ggn8MhvMAVzmvBZI4gBg17gfUZPTI5zdAzzC5po0YoLvbx+y2TTOjMdDVMQ4rYKWxnivSK+WEYbe9pcY3s9fxMjgn0Y9GGmrmTbbvd4218Clez/GaGVhdXlDPSQeEyVS91PaDm+Kx7y1sYE8pVXaHxfPab3ubCsPbMcHmOoWyyN4B1jIBdwuj5dI9UrwCVFepNlQInmSRqkonBVQnutbmwVy3F7QZOqv62PkvOiUt7yckKsYYcFVwT5TG3anQHQ/dKwh6vt4Fe5E6hVe7jCC6aHnJukhIhgjG+2nn/LCMFBosxhs8MZ+/P4sj3cz+Gyn/ViWhMbrCFuBvH9xru+Q5OusoYmjxAuUKWUtu5oJaZSicJxYO3TXssXpSednr8NzApVaEFHB7LNODhYV/8MpTDVxyElCTyrXNhdUq76c78o6gZADolt8hAnRU/GaPoiYHONuN2whymt3kXoPkoRx909xZtcqnn8ijxiYTIpRvyvWa7vCqdnv6RFKButl7Dl49ohXcXAzCgujee5lvrwiKqdYe+eWE2zbm0GKPKbx1/mzK8VLDUaPk9sR1Vsfw5Dp64s0wh5c9Eq3yUzWCAMvMSyz5W0ALchdlExrJpLUDujFwMYVXKQzUZAyei8rCoCJCxb74LvLAUqk9ka2tQpCl0T88q4lv+iupGBO9063WuhCDO2ifMVWpw/pTWADvGNEhWmnMoWgVxQ0qxORWFbWON1NB/vK2IsAO1W8mgiDP9kTwWDeVmZHadXDQN2eRWtpt5N8VMFiINiLAXXMauNbZAvWyCZrihtwc6BxgZHNVn7yrj+HZHalgtQItt8pCaNGxziMlrsc3WMGOnD07/aAWtuHcdTUOGvEKapln0HA5OCZ1PSOX9XvqIun+lrprVgcghZ6IdD13VPOnCRvjHcPgLXpdzAoUMZtAAEGcD3Aoh1gH1NPUktJYGQU3cSELHdbYMmX3jqNH5dSOFWh7+Eaxr3FcDnc9ee6sTeD97DXeUNnLljuqoGNWGQ2AEqgoqkaJDau95GfTK08QU6gynKtGlq9/xwRMAaAydrJalNdTB22GxR5a5T8kq8VylRE3pU4aSQfrjUyXQfxOgYVtDXCU06fYlS1p/aEWd2IRQIrleTGWZTfxT1SWrfsp8ZsE4LmyqZNL9GjB6v3uU+plSsatkDpQ7p4b7blg1bifJkFmSFR+SH99QrKYmQq9xv8xQ7S0UX8Ifk8cJ+Kj5GdRvBZID7rJL6iRNOanjuJugiZOxzxR69QdSoovcP8ZbFegN4TuupHCOFTEEBoyAVekNUas5IP3fhhPH3zsHrjSX93Fi/Jq9toXI0c/AnIxSQsokmCYK4/gFzhfOA+ctbCFIoYRzHqnxbnkySOinZTIfHnQOjdB2JkHGgV+sjF3OWhGNncXgnWpIGS7J+CV8nSivspaxrj89qoQYXdmJPULXnkyNGiIydbz6HNbLWj7NPJ8BkjdV4JJktofAXkC9oQCeX1BUeLUsvwU5lz3eD3Gn9zkGFkmrflVhq4RUyHZ/uIQ4iK7BQESHLkQjwMu6hf5GzXtOLL4XSuATdhB9i4PfaP4B5yCtBgC2hlAAaun/EPQvMcS6z/5ZEnX/a7ottdxLRUneEpf8xD8LrGgKuElvAPq21DWoXmst0VdQKzuNTpiqdkdMANC+WjFUIWIBXl96UBm79CKGBfUs6uDndBRpqe4ye8cOa0OGL1CxVJS1eQmC0twioCB7XUVtaqhLyee0hrSdB4tcgXumD811PLAcrFGi9ZZAWkpVmyGKx03GloN3j+IE3doBRUk0K1f8HRst96v2LiugHxY+vKKKzgxsoWtAET/WfcYnoZ+L8peYGq7qi+d5bDkkG3haCTDTn78kB5yHFRGnx1jzwELN/qQFyDp07ZBakn3cAGLnS8YOxd396C/FX8fjKAnV4zD1g7CEggSRU+LS6a/V+nypBOC0tW4mT4JdcoNpXIFCKhQAssNb9QDcWr6KTkenFsWLj5cGW98PMxLEBzRBzvsjpbfZ4Y1YyxvWlTquimPoiicj639OqBDC6NXS8Y2ZshZWgduKsylzsWnM+yY2tp5fJwnST0W5nWxMarEsidPujPPMR48sSda6udtxVzt1xtCQLCrAqjVtGTHA+77IEVQ4W6ca+T/NLuewLt1NYu+1kNhglojkKSvOL/dKFLFQiOCXmArpKGdy60cpNBfJFCT+EHAf7nhbzOcdv78fZEwMyQCqUHuQv9zPRO8cU3HCvkYlg6SDLZeOose4qlVsgDLWkp71Xal0ocGqQ4aWbQk9BSlJ+dTo4Alpr9WkDYmMh6wQDwS8Uuep3nx7jEQaVFW7B7Fvo9kKaQzlcXmLWkH28aKuHpo4gF/R/2bWAU3KJLhFVCo8AJk/4Wuwn+7deoGsDo/0zG2WMqHEz0mIzfSxeGxSD1PPp76aIcRcpdcwYa/9dAIpxp7YjHlKvcr/IQW4pcp6t7tHsHft+qwV2vLe2wR2gDF7vL7cs6kIovP6H+iWxEC088drhS1nkV4xj8cc4gL3jHjI7rVENzd3GOn2mDQDoqg7D2M+7eVYwvQpFicZibKUxI/U1jESpg/O2m/JxWtEb1LXE8XSDwYV1gy6QWfQdumX7THqMR5QUuMmMV3AqnZ5DVYENfqkdv0or65aCg49qKd3Aau3TIet7NX71CDvsPhDfUblxeXEDyMczZrvh3+poCIOvgnonHpKpVma3PDiRUjFv03xzZfXE/iAVC2cRJQ+YpuSxiBN3g9tIm9z4ioiVFaJl3vAYgqVIoxTSdy9+ENMEY0r1w93KvNFqWT0wSRMjRirdxtvdnUgE3JjpbEpKJTMucbRZLN3ShnTCcq8q8c8HNEPhb256/Oi4WwiDYQJDqnXJrth40jnDfxsuWAT693Em8TdjYm4TTdvlXsslgiARiV8ng44aU0x9W2DSpIjiuAsksVF4fHDlCYYDlDh9WfngXTtemNewTNg9JlwWUcyio1E2+e5mI9OCu4j/0xrp/yYUYe1Ejo3GZY5MVQenu1/0jNhtMxg82B+o8UJ7uZlNurWnlNpnF5r8Uzzj9kpOwj2k/9Q1T8ArmxV9202a42WwPIr4DLWPrNtEeDRo98RkS2z6FfkedLDEdzEZlGWMG0A3IWPLAgzCH40Cv6jFBjwnDwBcQyz4CIl9Q0AlKADQkFlDaeJGb6Sk9hIULuAyOVlzRZm8dKyXn9GbdupW3V6KSU978n2J+IABPMiYSL/+ONXot3Xbz7T0alMwO4ChQ1fMto55Y73BkHgQMKDfteyRWCAmE24SWLMRxuqb94e3lH8M67YEDwQwg2jillqbZgzNjeSr3Trm6ptoyAIhucGxvtG19rAeG0GOeR8rAUW+3VN9B7oBKxWpQGGG4LRfzKlcOUM5wiAXeAbvxWewmLZpeRsK+cz63VcPFqAUAccHx14uBxTUrfC39UklUJwfCwYZOB8GCSMMr3DLySB6ChDolKscWojbD+tXWR1NSaEq+V4dmpH0CMkRuxBE/R1i2sMCFNyGj1rZL3vZIAiRJd538htxxaAeGTZuYJ8X2rb8yAUDyLgqF3i/Y1oMPwqPEIOhtZzrADWskG8S9YYbmU0GdsqJ8WJsVhvM7Ahas0CCTP/QjTvMIj1J22lyz32LecGEVAdQ0Z9wqFOoz7cJHDKljfUCnJLHEL90P4E4SXLkfaURpRHNgaQXVBgviaFXw1sTKuInu6nrS3Bda8yeBuqNF3whFhi0KUa3/R5KAisAIcwIH/WYMP0rLNUGdc+FRTIQjFjSv2tXgAANZInd66IhCn3TanZp3Pjs2rihIdV3z84GwPTnFV0NDEvADlgAzfwTrWS2v7iJXcCgTHlfLJ3iGBj/31QUxl3XUJQfW2D43dfmTO0LqIZyFTorX48bPcS3kaQIK3WOOS9wo5kqhwfPUKg1fWhzXyxgLcpPuV0XRqUsswG6mFAZAGgk0XnWipEw73q0tTemjbaMAa39r1epJAvlNNpid3SisvlckiGi549ZDmjqy/UR29Z+5OkrINK849GM2SHyrvF/uzAYZ0muN2/cL/+Mfi1lXAFhwtr7qOJv90quvQrHnkdt1PUtpOj/yhzg4RMdU8w2s/689KS8pIPC10l5EzQ+ZzMJhwq2kNLu24tmfKZ+d0uzZeNFPhytULNuOtHnQ9xLGEQgH61tb83zZFuvBK7KMWJJ137aXKd9aAlKe1++i6tWSQ2tbjDmuJMFm9TP2KLl7ML7j6Vyh7oGynobko+DnwwLraOlGnU6aAr0KEa1ZvTMYtqNigxmLWiuwjI4v9i780tFE2KQjPW4HP/gm8LXVn7hncRjSXH0Tz3JaO79F56oldBcFCBJY4evztwyr4n+E/UmsDkWcRc0D5j+byBYABG2rkdmJKvv5WlhvkNOrH2RWqUxWEX0pNQqIfB8sghbwtCDYlQ1JFq34II/K2j/4Ah52uxXPbVP6ddrUJqtCItaD03psDrVuxusYW4h31hYfp24gZBehyL6CbHAsStsv5GE1owMZoNfyZwQeZ2T9nGJm0OJKkwreTSCWvPbIZY2imluSGti8gZzOhDEr5My4/3YIc5y8OHPijeFTF4aOq/xjqJqKrQpOOJm2FTDedebKrb40YEpxMJk3eT5NpK/va4oZH6BytUpOJZ1lY9leIspTA506+OehX8uleupmyAVsy94gs7R7Wp/82IYTTgaTupGafD8R4vPW3LIeuGEn7VraGArLFb1SM2/AApvHrR45ndPu4i8Y1KrqfcVTOZ5t3YiUyJIHGcE7f4VBljfrGsmI3wsPYVjkiaHEBkvTRv4FAruTjN5Gge/98vh37vd8jHNmk6FwJANsGWqD3sx5MEAhx79pbSJ9b7/uyKPfxG7wjKB5tI6jzRv0UDDusoakT+MqqdkVdhqtMHFic+0zwIIjnJhRY+esUQjKBjBqLL1ESIqth7NkQpyln5XBxwSUvfCKgTh8hxTKLLTSOWUWGZUL0xQ8PY3vgeaqHllaXIGDgtZWEHiNi2i3OKScSamZB8tb7esTy5YU2//emM0V1lJnl8sjlcHPVop96S/lcaAEfOTG7jviSxp0H/p89OF8hakQDdAbCtR2qR/nKZb4GEIOTUkVFU/Hsr2Swj/CJhCq3b11I8h5jxMbcdxXQJckn7JbayVNnpnTta3lkBxCO3sypLXs/1/uXnzAWWBbVlQ6ORtMxTVjG3sBgXOVt/j4rpkYqnUzcZiRIsBGqcEwZcrD3wjwuY22qc/w7rdSA+dQkRYbn6IZMqi52bfP3s0zQdpUVufnx4LtUngjhPGMmrOHhmcsT90NShc+qYP7WV9KfpSEy4CiVnjFIKtW/ppaCnvUJn/wi5pAiJsMXyUDwXjoEynMpaEuUyVBgZssabmKgejIn4l1qZ+psdxBUIsFN+aJCN1IYd6TDDjQ/CFytampdLJ6EuRLPwAGoVn6fapD0bmhXJHXr+zQ8OHTG3tK6yhbIOWI5zKWmSoiF2iJSXZm+K45jd1BANomghHD8y+EgFJ1qKvEvwMQUhr5NDOtWzKIyvtqBf5v5+iDtLWLjT0nrrAUQ3chgBfOFghT3rC4X9bW1L0Aj/XVAfPz0FtwWG4pQL2NmDZIXNoTDpyoen7gpFtYX99x2en5lIevkKyW84rowQCzUd2Kqwq22QxXmXtMKho9N9RpU/CxkAjWsT98+FItfLnugYTupM3hSNxEGFI15y5cMas3tAOdMe+YFfKwNLlkRnDPy1nlgqkImLe7TZHzeCiTL+Xm7W4bI3AkEKEbHi8RzYipCXFy+7ZZstNO6J5i3XmoIqMaltgabTdm41/9d1L7e0k5Q285MPUrmfdySL69jQqN9PfTKLc7hdCpVUvre0g2GbHqSQtgz8cw6AbjYzjgg1DHZ/gmwv7gboP2uCBXGm5xR9ZeGzcBuVpn3L0Kzqd4RuCFH9o8HKQdmiEKnY60Q6PgDe/TUhOCkRyRJkmHcxOy0TfuWKW3OmevBZ2BTg7wS5A/ogMhCItIUAuvo2muOdFx9fUaRHMtuDHDxv9hdzwzPuA+ZuOxetHZAV0hJItde/twyUYqV73BvNPXsVSCW7LoKm85UjhVbskkIxEwuYpAIK59reVtqkEObcFj3qGaGiVyQItpK6Tl9vlOfKO2HVisVOC9D6XHcEfvjHdsvusFlo8GcKerkq20NTziltOPN9NRl22drKPP4t3W8vgc152Z4I+Tj6rC8QOpnB/pr1PEC7kOVjkwi/fDJoruZ5E4GRYhZtxlcyeUBSzLhOUgh5NGgfIk5nF2LIPasQAKtlNwAXvGikUCUliqxxdJ5qRU7EEJtatJ4WslwjYyw0526Us5tEwX4tkYrCQJ4lpGTPZu4egy34kE01LHGsNChGBsXOHqNsu5xo53MIB3HxBHsH68o/xgeDH7LebwJO1yz9zUrTiCnRYusPeiIP4rA5dVEmL6MsOvMoMLjY/SZX7oBqGkDr/jlK/3EC7d8zx2AzCCVLBq9QS8n9CJPvFo4qmgwGOdxUsslj/dXpx8hlRIgRx7qBQm0f8M+gBDO5WV/XulEZcdKuXkrbo1TJ0rPatoY1lApPFuaiTIAaGmfPppr+8etWnYlP0szfR+tB2NI1z4SngEx8mzPDydHYexKexX9OPqX0A4mM6P5KYBhm7PwUZcu8Mmve1pDDJGh/gM/PG0BM0kWavdJRcdyWvjrPvz+0sxb22klf0GlnyYvPD6oJ8hkppz3b59TOJRNEnve+4l8DiWbD3z0NqPbb+2lio2GI7LXN48EpWz5yvkHxJqYD17pwkH1t6n8qKwXMZvDRir5FoNK5k6pXhQi0Uiqq1EmpKbg3xvav8USKKmdIYjJjsSLyhvdq2xNTjXyvXQCY3j+nlAK4mcH+1HuYsuVGINppjnsmSa1zKKCB6YaGB3cqBhsxO9tICCfVUwRK1BRFt1pE4F/yutVqi6SKK8T+7lTikslX+hKhQFDa4yQ64lJmmzIkCqgBT+x2OB0dzRF+ZtbFGAXjLFSFrplJjK+BkBdpUvODvBkltGqW5qkE1PTtSDj6j10aZ/bUn06qTikf8JN+3uT2hn5BwJExwNJlYPGEcYH6Tp7gYHPt+amPmxU/AlvczDeTc0W5y8XGNLZvKMRjLJx91+ugEjkvw8y00Axy9dS6JldBBhBKeKsb3EyJyOr3Wyk0qR9AYRK8NBDku+c3h1Ys33SiI5jin8IOYbJOcaB2NdJgjMt7FakPWsl2Pr1oeB+P0fqjZibnqUs7TxFMP6wYGsJ2Nw0omwc16TQPtyXFW4hGoXEOEN8LTv4qqPzMeWBKL4qEwempXuORipVxu76du9DVqFeJSANEbCzXV3usXHcjWLvWU647Win2rIf8r36A9xn72naRFgaxmAwhvWb/EoChYGP6A9ecrP7xJvIk4xZOlY5NUSChMYM7QpbGrUSEyDGj4lHkaI7gEiM9KpgjeKKRXNkLfNIoLaOVm7uk6WvenxxVdpx5sILYgHgeKCxnr7tZgmZQpyp9xdv6RYdoisS23xT65eASp0jeJoaRoEXO+zeT9m85bRBUJzwW1P8hJ6/2BiUl4R227i4z9pqLd+6zdqGsqRDlCjTkYpzvQFBLt6DFbAyFFybHurnCTBDy0WWzgxOAmKSgpELW+UoTdu2jLUcr65dSFQGt2cAooqBVwHWhofQ8pn1zO4dXdxsTxmW5uV65ZspwJ4/tf0Wvrtd9lyHH8cMasUVKRpuqAVj9g+7rMSuBxv1WUeH3wwlhgVjLWsspBBToIYNL2auIAAUvCGTZxYhgdWWrEWrh2AT9LkCvvY9aRtqN7dMnwsUF7dPuUpMfSHoZ6MMpgkuDpdDfg8STRYRuL1mzq+bELhaemQBNIhsDQyeNN+6Q+5t+YYYS8QFSvmcCHheg0QL3T0N6tqsaxd/24Lmy65VX+T/hzB1SIC7Z+DD3xQQITD65fy3MBOWyyH977HRQUoTnat+jUcCPD+Fh6jozuoVxnv3yTVcD6x8krGfsd0TfYVplWzSrf40uRaY+r7Un9jp44S+ZhRVO2Pzs9IbmIy6DWut+odRv3yN+yewT288319YCAjhLghim2CUJ1n4yzSnXM13QMI8O/peVOqcLXlWzdFgtAwIq+44gWGLKuTcTCZ3iUQhb4DdPuugJB22uDHb9kSbMTR0wrhLgyt6MkLizBJiedbfggAb9RMlWIkcDgC7j2YhDOJv6CJV/k0xY6gEX5tiR4pPWabOs2aq6Nt8dbtEUP8FuF2kWS3u9CvNjIMcN0//eHEA8E+0q9nqw6KVoVH8r2jC99P3T9GZXRJDWangyUQB3SHofxscuF90gj3U2YwEywYpmmFo08sCyYtz5jQUiXznyR0b+45Esjt2GRZu2lLUfSNIj1Q4z7BpptiUsQNP+D5HGq1SYr3L/lAPxzisua6T3EYOPdssN7Uut8c+70RAUG0XIxfa2Sp27Tv4cgLVPRHVVXk81//Z3luiMA5frYm3ci5cM0lCBAKGvB0j03AEfgrd6ZxuX7BQVy5enH9H24bpzaBsKDFSAK3GzUf5/1deaLTmpJ4w9/VOhe0klT3BKCP/2BRmWAP/DYcR8jQlezd9G6t1anNAm6Y59ShirOxwICRVdDHKh5QITYpqQDl6h4oyklHrqNUzVBnIhUIKcqFIZltVd6havhEqBc7u9252/IHZwrxJOuixNymrp1BcDRwlHSNqHWh4D+HQeCa41WrZ198BSUoOlGdW87hE17BgoWxouUltOfg6inNgb203egXAVyCd/z53/CreAyJYPyTNvpKn+PGp2ATkEIs809K/tsohsaD3KSscjBu2fI2uPqqq5MwHPCCWnGegdR9gEvbipieAvpqt7oVV9epgvy2Qkx+UeqnQuKuPvpQO2m83UdmkuxlVcIpwukJUjzO6ARFfQGtoG/P2r87L4anJ4G3/04uNg+pBJtdmhtDsEJna218esnTJ58X8iTql6zJzhS7mUpjs7/8bCr7WiOLFrUPGvsCnLuIONHQE2f4YsBYIyWOVuRTyLUauYxMojKOD9wXtJX8ynPmZ7Z7zpXKoRlbbyXzswioxEZEpqtfNzcMoAuQGWoR3kl8urAyM7OthFz9BHPkwR+Ttc4NyIqf18IFP5kKeOOC2qPeBdTj4cVQOhobSbn2pTgAYBgVZIALAxemqWuQfo1VICFl4MYhPiKmQgN/FvaQAcH60fd2JBRld0Umw7Uzn0BGr/lHGzSnHf5fGC3mqKUOfKmSXSjD/+4/KDcnfQMbHH478oISciVacnSq9MD9qN42dHP7CWaCk9Ke/becv+bJNr/V6xyddCZ3XycU37TLCh7KMHHi/S09Qc6MWnCHsnx0IJGLC2XM54bDQd+NruKZPRhgpnWTVKX6VWCRAPSFjpFBJ1Y+/STK+XIskn++U+RJ2reIuqBldv40VsTI8QOjsFMos7Nm4MoDJpHDPgOseafHrjKB+Bjg6fnONrCpXxsCs2lQo+ntZR/Cu9hWjwpdyVaftW7AKjWhdC9B2ABBpkc4tECyv6IA81JCEqxG6NI2KByjK2MZ/cMbD009WulH6PAu3vIlFTG+cMSdDC1p8DVX4ypkmaXz6lFqE+A35slzXCVDAda+6PE2TAuEHFIhQUro0eREGTP0WB9y4TwAxO+hDfhAnnnMHtj93PMXcaJPsYY3bJf8KSc1R3wZ0wGX2vdFl7ZVitMcp+rGqy7BRglJdW84P2T6/p5vKqKeum8IPNYpkigWraBVIIl1i3RctcomXa0NPaB/Spd6R1qtQkhVDsDK1AUxH4Kdkp0EE51HjtH9jwUmey/reQMb8vIKmoQN42YQJAlPyCxxjootDwy5nBhtaRQjIATjchtP4wB/jIEjBkyYf6RTs1+81fbgKHhXpV9ww32kFoZc5rto/P1Yjs70nNftxGez4yKxuYdbMBHTxU9PfwBYl1ESuA2DYOYeCU67UccUx3n9UJLdUbADRs5VlMtD3RDRMEWusf+H0DNLfwGwLd5051L7W/QccMeBcWTvq2DNLpuZaXzzkxcRzlsQsrt5bhFMjeQrEhHnciMNY4eQMoTd02nELmYe7x0ZTlkwxPhQ58pczoT36yEHfFBlT2ioPc0llV1qibhhlwieO/pcNWU+/tgUawOfeDFHXbs7MGoIGxBagEBsxyM01Uz7yv+DygGoYGYhjHbWpgT5WS+A2wDddDUcOJFxdASi1BrzGvPq6zHoBftZlnKxiygDYrcL6lNqARUtKGEMXnoXypiV03SBOs1WB+RB1gU5vIZ/rjhlvCvOC/+DkKdJ22Vh4vwoN+MAFQbfTWFOxg7zbuev9b+P9n3Acu5nC0iEBeYYsnTctklnOKlhTH7tQBuEM9+dVY8SWMUpormWTJ6Qq3YWHdlm63wLhbAFFngs6KIqAO/s7nyEsVo34SWLdcnSdGm60L/Rx/wHCYYbN8GnGOoaFYbwNE2bOFzbqxUdvDVLYQBlVM2vCAVMkdY6fH2IT3FQTbM3yamGgXSwAAOBb2pxuBck2KbeLpM89Qc5VJHdN72tNwGUXD8Y96doglom6JYC3q4SL8V1JctCQNAt0D3OOyIMyxLVlXvyrwioeGB5lVlLdygBcN+8tpBBcGq2dDPA+3So3WlI6v+yA5Ei6ZttQQGAsq56X4C8sbSTBzObEPM5uj7eeSMfRN7+oLe/vAiJdL2V4N05gMFMjQywbNVCFmkiTPMIreWVD5xkUrNaYwX6dR3eiuYj5l5avaNUcNEzrgw/RIYB1ne1+MOUuC4ZTOg/9LXuOj7399o1Fc7T3BEasnERPuYevSdoae5OP3FYJ4AjllfsJO2u4rNWdsfAdzvb8ieOeVmsf4T6JOWp4D6j60GOiC3Ce1ZnsJ8Hr+Zswt4/mQzICehPZW8WYQJiEG9Dl9f5ayn3wHZZ4CnwTFvCjddXXPw9tH4hg9pMiCRbxEQX9LO8/7FTaNOEW14edX0jgysQ6LY+tgGmsrNzvE63bXp3sEFjvEtC/MbNsOoogSS3v3Crm4h7vaGdWsPH+bQTfoEdOCRnU7y0/KI/ILchQUSj5ntCDZvxEZy/nUb3H8Q6kjth4TGiB8J8LBps/xUswhHXhGZRm/B/rPWgH11paWDp7eNtV0gTs6jnN9UIFDgmFQfEA8aYE/1F8tTZEDmwkbd9DJwqcKs34hqxyfTnohLDMcCRuIRsDel+nHQH2ObcyRV3nf1Jdu9huvtYq6D6TWV6mFgBM0FJvVYn6RMe7YLNoVXXSGcfda+obyOwNSdtwcRVBz8FX12hil3R17AmQpnltkAoJykoGJbqDy7uiKsJRwubxBGaNzlbYOyZ4ERIFru39RGL8MNm3k8JuDRiMBwDJ/EbG484qGIaScLn0IaAr1d1Sy8CRECVNxKkp8hHOgwHyaGDiD9mReSZCRfeFweds5Hp53hoxP8SNpM22V4Loi3eOHTKHywcxVv5w+ZieGz+idwoah44heLoVvRajjC37VRcObig8Dh7YEiZxM4BF4eh2Z5RKPuwrVNr5Sq9Tj9WyoKzXIeIfvBKSn+G6dOdl3zCS3dSklIDXjAVGJ/KVzLUPa8Cnlj6MNjuUVjmG+UovHsv6N3hRkyF6dmY7AyFQEY02eaeycbrK3IM5TvpR0JeLypW/aA10k5wBbGYVa9Zjz8wDE26FvD2CBQRkIktSDUIaqMqKOOwe41SyKUCgML0X5SPBQvT7s3uJHC9xw+bpT8KppfqOrguqdZBItFf30ifoH2VjKUcN1ynDWCKSxuf2R4uYrXfzg1ST9wKOLASXB/ZTymmcoLJ2/v51Vow3L7T7OuEJAARRrePMtsF5tJ53eM9TCsQ7pL2S5H9w37EHDVGKxbPoXSdNwGIHEVIjYqkByfixfanaP0ZGAxOaZPqO0nbc/jr0QUMUXTy78w/6c8wL6I8rvhgchzC3lTrGqCXoNtEESrzWKd1akdDoc9NoX+DVr3dEHfEY3O/N1oIEwlLyKVfzbIVz9bkXY63ITclpbumzUDJOulVlS8CwfFejiy0Ddxgkff4SHEwLeIInO9SNyzQCwvsU2ixj8UjSbrt0waVQMscWPAaFYe3n7+FidfJV7SkuU5VYp8aR3125pbLd9ZZ9CdJPydIkGVLTyYyDnH9a3eL9nmRADCrPgPJesGwdf/aofrGwXv+hyQciV0Dq/dWlGkKzeWzJp/6FlJIciEJMw+R/vlgvAfMEEZymtIIV3n1ICohJgMZv8G1D4At3nCF/SxfMWIm5WEcXWvEUr6f9mnC/d57qNS9JQsO8Hm7HoKI1xe/dBniIbwMJCPpZEO/5SlLgf162M+aroPBHGRrCOf0gUhITRwA0GviortBbzTgAsVpwN66dm7KWZWKd934rFVOLrOF8N8eAjwzHIFBlfCC2HRuYB7p6vur1UcpJwm24rnZvulawSBwchilURODiGN1IPviW2C5Odgrfn7ZaY5S2uytORPV2sf5++K6Xb4LgKyh1OX9hS7wF56SbPyeSPoau5wlsuaZz/3f1Bb0OeITRTz5kIIo/oH5arMK3xYdNQlaxuuZykhNi6WbIQUUOefLiHGtR5TB18cDq+zQXHnUVl5vgDg+j0HH0a68SNNDU3ERltJ0u75Dim2qqih0YQDLiGvI5Uml7qN392r2eIQus5TCUrPNG8IoYTUnLyFcV5nijrwv6NbJbsoEpGV5bTH0dMYAJQfyLzJaWMMpcpE/3ziZs0QlOqS8zsLj5WGZHhMWWXP6JeAvAs9YElixjkZhRAq8YwQBf3iVuLIO2aanYeLvv35xY9tFXJZ7r7/9+cqwm9DTQX8+lBrQEoR2/VErPlSeL6Tqm9sx8K+GvmxU5PWXc4w8FErILbWozQEy3MTi3QAzql39txxunZ6R2ZBpwYzX3Q/xiCCrave1WVTx0V75vElEFGiXyxNKA5wh+tToo46bnrpX8FKbLdAtrgYhI51wKcZARLaqiKa+bX8IBybgAFjNKTxgvj3w0SoCcnLdc+x7Cfd6ZJOzq+4YJFwmAvrYqzueY/U4Y7lfi2Ge449iZL0Jmgc0akvBUjXhanyNzbfOzyJ4d2mnKeKEusi5l5NUr5Lhfetm9hgKIGsXQqdXGN/SBbbzuChKxHoJEUayo3A0RgTTtAsEsPAu2rYDwWpYZFhpzOggtxuz8GEkyUI2F/k5DzwjNO9+fX9P0zGsTXA7w0OsHvlMglkC5mXmPZU1yK0v4xJmgthZy5A68+FcV7bToQhCFmmxEa7Zdf6HQjXCQmDqsHfSwSF9j3tA1qpPEnz4vNxN5YVzmpoTIAeq1IGpsoY9COq/eQUxT+dQ9wMZZzimXhZfuCh7aeyzgwUTfRB8sNVmwGNIL0SbgxkspeUZz7idSsSf1xathv3jIRrkAPAIGOqYEjsKLGTu3wCmz4hbYxeb3ipY3ZmsrYk14l6t0TccZDr6fP2SPYn+DwqP4lFe1sm1LqykLqPEYKkzqa8jLHLcf/T4q7sLO4V5ymY936jeQEgHZqTcO05x26cEUy4RtPbpOy7a5bfHgNnEy3SZJ553rIs0uoqvG4NEjUcQraXFeE3YacKqZHNVG9L9etJfRJtzGc3fTU182fDO5Gs8KidNvawR9a632Ays3IESvye+bjwOfXSnZW7HfoDI+tzp0macAsGcgbBAFr35yPcGxNLGDbQIf/EOfLokoejJ4MLD7kvUlawcbTwSMuengiZ3wnkGZhCC8yHS+T77cNuBvGGkTsrInhCsTzPbs4cgJff+Kew64H6xnR46rXdw6hSzuT2ln5QNxRQ9KRviIFYV5LyZeXNlmurkMjHl6AVpl+fZOPxuUKp1eZ0yj+iIOkVTOT05URzhzGkgTGiOnZJo/7xJgdCFHiiO0z6N1joHGzDM8tnYPIprhW12X4lV4YR9VEJ41ROUuBrAuPLmziyiKlXPKjKz5VZf+BubcOmLzg1h/87q60pa39yrTTMvR4sGWRd5R76CzSmEjM9+1p9e/UDi6tJgcjBgRzyLku35i9pNY+vNXkUwffySVEX2cc5pW7CAnFX4tk6a1Ujl3EChc8mAO+sItFGFENaJY0EbKMZ7daI3/sATmoN2Mwd4BtqsYOmJNN8fO9anNdTqEg3yHDEfFY4ts77n2JV87Wp7sOmPl87cCE7TCRN2m1JhPGHxAxhZTTgmgZj4M+mlTbo0R8B8QQPsbNpNddrtM5zVH6vkdZBSh/ZEkqru5JuZ9zjPKGVTvSmCtyErS5/5U31eOYYA4xZ2PHJLRXk64K04uLy2q2PzXGg5nG/xRVwB9ZRs53dPcuJ3H9imLT7wzVzE+PN67in7uMGOb5UtWZLc0Y5XWAUCx+NfzJpgK7fE+9Qtpd2c9HzsD8gj8EMjOSScZTbG55f1y7WF3vKU9gzwjDqlRHZ/C0a2X3xiCcR7mSn0IwCcqhWpu/FBrwocf1GaCTku29qHDPLG0Szc5WT3IffyGANXQmnl+n1rayykTkntfbCg+VzbouloJkpV3v/MAZFGB+dYvgPc6Y4O+8BR5xBl18nXZXxiCeUTQnLmWkRlcufGnqj6pzFxqEGedLyvBUzlSAQR29grF+s+Im9SzuU5rHkjG4av/uhmnKhIeZO21SPIuzmeMcgpzs5EI0Bdh9MRjIxHLkUClUdFghI2sh2yhvvaHXMShb53g3laf/01zLMB88UzHFZKvsm7BkUMTwDbbFpuP2xgopsnjMDAStTOyvkUDDQRhnoJco16sxfr52sIVqYIgEQGilEB1JPIX+8QPNimTNDWcWpSN+L86DWh3iZdW2c5WT73H3aF6dimH4YqQHpkuoATMVOjkcsI8mOZP2/iV59GFTTMLAX24MZAeJah1XnyXsIaJopbscL+OD9ZLljyviNomSZ696H+BeC364IMiht26mFA4PKMFGbpo6UzZsufdiI8dSgs5x0kwGgSRtJ6NdvJdc3upq3+riH8Nd4E1uq3HI7NrJ/UKA8Xk/gp+HSK1X0dy3+rwHXIcvNrDK4Gp07Cwfg0Y6NQtmw8tE6xkUjI8LdrZbKrjYvjxQJ1235RF3AnOjEErmXr8R89I4IA3tbwmaInGckADn6GguvKhpXy5Gcql1DzNBkekME9/qSO2PgJvNwrncSKS0Mo8QdkGG4ORbbYRBOW+Dpdr5DjmC9fiT7uK5P/xJXTxKQsGzWnpCDlcq4KE3R/oz8Pg+/tNMGMCNlnJc9/AT23kBB0yT/KAAKXoOleu4PwlYlk9XCVUWQQmWy8tgg3cI0fYgAi1avQuUc5fqmj42NI/uEHg51CpFzoYjePdLFVNIMSbvVNVmuFiH96DQtZ7P8C2HQndqNVzm0RP+NNM7vNn5JXuVx/q/AMDddNdpJvXHi8bITaiIC/lVTFQSB8fkFDBJZ3KVf80XB6emFuvtOC8UCxx/WuEHEDNCIxzbPlsku3f+cjgVWtqI0Bya7UqNK1/xJISGQrORC1XJuOybYtHCr60Xo5W5iJwotMSzzCXc4vvuEZFki1SPJvqxmq/25nvjBGq5R98PEYFTIkthTW3O02wdAXaoNi26deVxLfmcio42c8Gphg4nb6QxRywvpRfcuDmKHRQQAkMGY+9ogPV9y9FCUhWGBBc5H2z78pNGyVwxnALAbWT1AbBxIROuHzyOLxsnnF1ilJqvpnybGmzFQ7nquaYaAa44Tez78la770izK0lpbRbQvJFhJbb7mFgKR0m+ldPrDqDTxqOR+xi/FlwdBnk6zKMG/WdSEPxvNVuQwt08KPHhmALDqNRWZePrdX71M0X0mfxXEG8aIpf8Z8NYzfx2OMjHa3h/wic4Rk3D6KCzhJbKklEfjYKUs+jA0Ck+x2SH77cDZ/j7LLyvJQIYU5INfJujG4ywH/qzppsQ+7P6ljVaWtec/5CbAb6eMTjLyS/3F1df7XXHYMDN/Rb9/QKoX1OCUQipTo6ZU1YNkHwkTAiN1WM9JqZJt0MdtZtNRa8t5F3uvV4GKuTbAuSXggKxFY2+cbbDVAdEW+Etv+d7VjkbxfPbtZYZ5KxeIbRrVLWQZS4aUgyWlCMLGe+iyxsDNPzs/NUTFzR5MQqRDu7AvGs9jhAEQraJAFalXlPhAkFcPTkNSTNsVSaaw9Nm5G8mRvqnc7hvRBOt6TF178p1zs/Cqmqugnz29QAjZxhWsx/y5Ta3TZpwv/DBl2EgOwnDIYjPeTCzEcJw0Dlh7fYNnSauSIcYAns6VkyXwVt6nvsA1N98kj+5B+iwUnH468q43fRj36wzMHgUjDapp8MONKudZ2Jg6vmjt56aCW4UPVHQkHaSmy7m/zJbg7hHUts7vkdaq6VvdT/PMNHHLiekHhv+qiRrts8zH9dQpRybZbivaaygMOnYnsWtkN5X8Pn96lfOPcmcnC1Rn/14Z4VRPO7xi433WH8hXoQhnsjxYjTJTbCEzoJLadyFkU+nSsZMFYvvvGn7ZiOb9d6RNqV/C3XPGKqH+ARNbPNiNiET2LHr0PqDSydaNHY+7fFasMUT9TopMC4nb9j3Fxwtl+CmycwG2eJfwT0RRTJfSneLqFym5TcfxU6ifaAw90CTbt+RzcRh9hynw1GlnGNEoMs84cIMMj2H9KqoTOR+4Xa7s0nfQO7OKJ+qPxV8zCby9F83XgqyFTWLomkFwavYcxMWLWpw4Dgm1aSuGWBoRnrRcIecke93hL11fvOAIMUoeX0WvulbNJJCQQkRcwrifRXAI+F6UWNrBGtcNaWVJVlLujCkcnCNGKXZJlvNNhMamXJDX/R5jMaZUpzA3e4FXL8rcSpDd30Ds4BEXzmBm1FtPm2DU63ORJN6T587a6cKiHy+fsYt/D/hQlqu7GK0aCpsA/daRNds/tHILAaEeMYTkcWXm+QrTfCAAov+TaNyrtba4dMpnCbTkkALPXg75yb5vhfZyKearwZ3gqp10dq/M+S4fKdCZ4KAQsT+ziOTNhVRbGYsjdFQyuArca1UUfQYAMgyOGWiqkyERZOMagsPPYkDS2HxTdaiM8BJimu4ldwqQczm+c23wa2JSYMMQmH6P4filzGRzx/gJthRWXfpBkAoYt82hoh+jA7vPpOFYh04Bl7hYtppbLwMNRjabw5vkNQYJBHG/PDCq4BZdDd9oC6mEokk77RKd8YdjhNq9fED1nxm+xlKXrM5/RwjyE/TqgnBLwuqLCMBC+kZ/RafgflP3/3wx3TZ9PI3z7DhHzeWRo6BTZnPBv7e0KwthNVKv9jvCJXCZN9esr54riEHswWQbLexWJqB0w6UR/TtCy49IJrFONptfhUzFnPFqz3p6n0p1KcGnmaPQpmm1uHlADC5HKePf3ZX8J6p9V32cTuwDpXsj94dShlDyHokzrkFxfk5Fklx3i7CguP6GP4lio04lglQUiNR4/JUXhoczeQP92i8sdgHMXKM8rAlvMaonIwY3Jlfb97aRGwPgFk0I+hECoLt1V7NT289lgBM4dzfXifXnOPt3YvIqI5QAE3cqPtgbSpq3VTMdGhOk4NMBnFw5+PyCYyqDjyMHCNgUZhYJgOF8OqSZaN/1oWpf7wQAADh7rzkphlmQi7LB3yS4srrHJ7EeCIMZsgEF3j7RDAZhhqpLV1c5ipcDGhqQcFhYUc57sw9P6fFDgBsZbU0WXyuzH40EQe4VaRIYqSg0F1cpYdpnBLsp0VqSsbrsSI1ki2ptqLxIB2sQcr2kzDID3/kq6PIBMoZzUJvBh+lzgKlw4Q8qIPt10PrUbHkyFO6UpaXAUbduC5PxCVkFN4/sUKUbOAIZGlY7qnUQHV4cMmY086jZq+QRnsE4f1gFwovRaq/9NP5GmShq1nQgNdocU1d9HzCb84NAww94kAa19x08YG6ZMKiMH4O0JgNmeWkt2FpXi6m4BjImQTm+wrs78W3evqmhkEvOnab0QRguFPfYzeBaJvdx79lMk+z4z6S6iWSnXZ/mn6Gm2+v+V/SFVWG9pWVt77kNMn1zPH0Creb2PdLHdGyX8p1EHXJ4txq6wKS+w13h05hr04/52CdiPK5841F7UVvdfRnZzbxGtYC2/+Zmwqugao23/waxUe980gs9+5HoJGSqu7hamrkQL4u6uxiSn3pDdqOHOpZTdX6fwaoaxM2yfqtv1nukBlssivZK2ZX5re99cc00MW1GekqcuDmEM/Ox6tq83ZOKAhh87fdiCUzlOihjkvcB5bz81pahceyMGVBUSBtkaQeayKQF5BuT+G5PNwy2F3wKB2MYsIV+LkNNk4XvzvEWKf2T4Fjbeo+utYDa1rKWJcKN+VU5QQjZlRV/1YZeO/ZPQPYpRY9IqPpGpgozF4qHXcOadkgmsGtJdX6UEWsSl2mtCnPz44uIcLBqD7j+AGzWWLLnS7rvcPfK+sjDmwTRpiaGGUDTPo+nUWa6+2OevNOITP8+V1f8dia4g7gNrAUrxEqtdmWp+EEXB0RAyUVfKrlmGF8Dd1V3CHZ1iYYq4moZE3p9293+aAHFNgMOMLSzWY99yrmpnMWIPY04H9vYqj1PGBmln3PB5xpjcah6pVYodKoRSMlkw2yjAHZ8S4iadjhpQs3L90rok9zQUjuqOdnMMQzqc3h2xVhl1nwmp7f6GHm9364t8/uzYpJbeJSNAcJ1zrCQZwpkHE4FHuBfi+b/QL5YmzzXEz0ryIdLIk0JY9dTmvG0j8o7++RzfAUGYF8QtZ6+q4rRYinxFsUY+tGBsNh7NcwQaWugo9S0HLY8jiSzQFCNod6UwrBs25W6PkoCJs+vkl1Px78chuzA2weHxhUt+Umo4iQR5K5BBKMPyx9BK7Vko4osa91D5NTLW8LwLhnr5xs6WPvj/MfbOlVkuePI++/nj79H2ACLZrnsAADoleN4WutYZsrfMRMQkrNhPtNxlRxowYyU/MmWYvYsTaqkwErN5WA1/zlxg1P+mUN9rH3RoC5Xax2dcT5yeYf9r+Wt/bqnyvfurNZR7uEP9H5J+hCsIfz+vdRf4Bg5sfaAItURuHs2A2NvpKolUWYXPsid5oZPS5AitsiK+Z2CPLkxxiOrI8kAkY58sBWsTxtudNTHgUFBPA5BAjYvfuX1nt3BMb1GLLIRokiOit+93gw7k8lSd/Fm2ol/lBVk5cjj7Gkz4W1p/RXCVXK+NCRT8HBMJ7w/4OQ2K0560uWLI7boFSk6mT6mVUIzVfQxTBPlnYhvXdXJUUr/amq1soH1kYxJBUfdqQcq19WIQpuN4S87bmkVE+YI6iUWRUxEHPNhxw9gyNh93W6hwDh9iEnAiuS5bBvjtjMQy/wtXT0tBYyfliFxl+PWG7EB0TvTkx/uaItt140/z6YszC6qE9Q3UDctwRNMzdvTOj7nNzZiIrOy7Hqemm9rI7nRgymY9JpLdtcSxXgZm5RwfhG9gES+bBrTNuO48cDVbQUQCOb23h7Ntn8Ayg2VMj1JKk5sZ13YxQc4FY397KJaHJj+lk6U/8fs/FX43Cx4BzCg3ZhB0wYFEmPC02RY+mqcdePP9JgNbMFqvkhxXmRcBC8VSiOPXYdA9j+fjR2/md3FtPZZPP5D2mp+PrbY4X3+mCkR9NeAB89ma9JGYSfZ7O2q54YjtsZYJDGpjQjVytLAIvCtnERFv+oaI8VhDNizrTPd2WgGuFngnEX6nZutEsehjrpAuc3TtpJNBp2Sen+T1BqTG6w1kKaclQkcChyog+dM12CEj+LGGpHGAYQUbI797LVc5VfuYlZnAgKWIACLTMFAFpGM9CFesv4kqCaa1GFfHlcEPvUz8AzwMwYWVxKGyAunVLMlL8l4njpRm9Lvaq7KrrIEbcVA6JyiY9oRZv3X+I2xjyceQfPqXV2NbPvfcrnhgQcuFME0xtTIZl149cbts+Gm4Z0b8fsvpvstkaj276Ks9wG5nwVuURpD9XHNozE9hqLAyqO8P1+TCxglDgc3VOY4dNBmuaaR4BpWysCbQY6mBHy62dp6ZBQTex0GFcV0Yw+1BEAcvpkwVW5GPENXOaomwSSY2W9A2FsyZtMVz8Tg9fjjEWAP1VAK1e22IDMzVa5fwayY0i5Z1sutZwMplAM5uvySj9ja8UbxNTaMbVi9rHcQYSXgQnE1LnF8u8QMa3iBvMGg8IvqvU5OHa7K1RKeO/Wpyf+oEpsgVnlfk4TpLxY216GRbjwu0WXdf4RwAFH+Ow5pQQJwykUMH8ppPxQYLqBhZlp3e6SVN3Uhk8UTEoaXkPi0AL5KQNP6ER6fxr6wO0bEjMCFtEVwUFoLW7JakE11sL3ukADqWxa1Vm9dpY1aD13Co/Q++beG3Ha+/zaKeLlNT14/Cbkxdq9nqKFxNjlQ0zoHlSSq6txQQGgQkbHYtp92LfGEvZ98B3MbStO8FqDt5LSB9yGvLzquYNb4AKpUhfm7MOaf3au+lLDwgUtnNFAZ+fKTQPeT01rjOAGeSlJMdK0pMj04a60rUyAe8DEy/hvcbOrpPlHM3NYfnIyBKutha8sFxCE0xwDl55zmzbb3v/x1Aupf3SKrPiBCUQmT/K82j/8s9+F3/BH8rlN2l9e6nPixyHTUV3tsrwKFCl5pPg9I8Uy/Y1dNoKiaTuGqTG8ZDVCwMKc57S734sQ6mm7laPM5lEEBsCdxej7DH8xP9yQk5PnH5lPhGGKDBuGAVTZPMkfRo3sjOx89SIQIz68M0+AviB3Dk7dNFI6jyEdec/JS7+jrisRme55nR+0KZOUG68fCnaNnhwpUlsR1NMUawYYlEgmVMAAWr7Whmtu84ozBsxJFXTuZS1YBbwH4DMRwDRS7zXj9i2Qb1IxjMUz/KZu9SQpXMAXOliZX1ITW3F2qgMR64y8F/kYSn920Gs4rczFGGaT2NoaRdqqMOK2cdlpa4CLlBZz0VjofTKQ9Nn0vLxB+D5B1Jez53JvZqnzh3PH7uvwOiuRUyBmhKL0s4jEJXpDRnuhbZn208cIhlBggg8ASDrC/YbmMGOikSu4XNv4PocZEgZM/91H1ZDMDB7tAqcVUCcMTINm7YG3f/s43NAY95OV527NPDemBBbi+9ghg2XDJ5AOaZshDXtR1jziYsWL8mSiGlqkiNx6sjW/XreXDdJOAB8l+HyhKO5443jq76J7mkjHdDs6Ppn8ml6lV26u7Pd432XYL/PtEcRc9Vs/2cKCGQ4RQZcLw713cPssxbzg7hI52bbXWGHyPmzKa0+T4Gd2s/Bh13ZoVqI2CuByqss0zf6LUWAh35GnrRFbpVta9A46XztZxky8WNjJ6nBV2KyQ6pZq3qX1gA+tE3DnqjxQt2MFv8x5OySVd57QrioSp8YSxa/25PP9SYjF5wa0vRDZb1WHnrckoR18TuDo12hec/Gg+QiYq5fCHk59SMjYCQfe+Ddrcdk0vYPQ2k8w/lXVJp6A6WzeOE2YZEW/2P6ix5Fy4L/MV7rw4pD96oyI9Ic+h2CiYLNMxe76d4DcYi7Z4BfUhv+HE6X2q99fnWnR+CCtJ9+PERgKSLpqDRUpHApa/0GUpIx3PK05cMp+23tR1jT18S+xzb9t8CG7J125b4UsoVU9kiG5Q7PYyC9kGCNKQKgAlhONvk1AP4thjbQ4nXpT5kAeRSFThrWQl4c7W10yW1I8AZWZcsowc0C9LCTrXz4xOqEnacEEk4pSw1YniUJhld09174EctSN4LlDlSObKdjzv2ZuLyc+hH5UMRVnU6ZiSymS/n5iQOO1Mt8KJqP+WNJ2mQlFzxOnsBeX7+ZugA9IEg/RKZT0/EmRTvMdALcXCloXtqUot+J/8l8O5iu/I5fdWMQj4H087HF91EvyNXgKjzIRvleMBCIXtbUEVO9xkZCNSS0J21stYWPlCsiyYQm8fzo0/7LFhnB2HGtfz/vHhR/i7uakQ69kPANucE18ZXKrBEqJH6hW+ah6lDRQxXD578qUKuTUk+n8gRNLCADzIcHWaBv7d/VjmQg0MYHt84gX95Cd9ttA9zTk0w/eNjlc40HGEjBUswTo2Gyk+q31LFJm85MI3PYVDyb1knXHEQouRqkHZg7ypUPlo1eCfVRvNvU3TneEPxNbvXPoMhE+TOwF/Uu7GzF9dS5jpgudUzkLhuhMzpHnyKjcDxoAMk5ftscUxBKinsEue7hrjuOHn4lY/eD6jEvyiTJadVbwsf/6ivIwKURbxmf3XuFXAOPmZWmPWIkyrqyv4bSO854GSiPM2xmilvCW1s+XaweK4IvZeM/p/1Jt9YVuvnZ5gCSm7AF8/6lepELbmrxwO4xRXHsXx7xqGSYvXKTDkC9/rAt5/xZyrvTOfojORkfkG6reX5MotWm4JJNY7pnPIXNd91lHN1/hLihjDOR4P4qhCIEWv8ZZb1k0kMQjmYctZEA1wU5ZdRuDUTiw3eB1p7kqRSnzNdFiwl+shD+sAkGRVEi1938i8O1Sq3ogvrsOLvg1eIZrLFVMNlhRZvBilquI5Oj9kUqi1Uu4cjkfwXpnT4/OF9NouI77Qx0BXH3zxbyFgxwdPL061RFPO4bb6JJJu9dnoG3sH2taQ3/r+4lDo8Cq3SCvz+s2Sf3wUh+TjDHRpWsPuc9vu5o+koFD9BGM/Cy0bbTwhtfZ+fFiQtpCnWI+DvlSg2Hd8+wVj2OIkE2WEXcogUyYuLMA6f1fRNbfkjq4guKkFrTPofFlkvIO7olMDUk8EnJKQZSOSChjNfYONUqMXqFB2lpHdpgsUEiZQAUK3Iu86lWHeDYbesJnEeNDGGteKFB2RrB6cGEMklMrGa41w7yjxk5gX+xWIitKeCmgEwe/cCvQvlTDeHGJ/pl+dZu6AI1WjpuHAksGxvKMPXJXweYx2nZl00odQq1DWbjZbbPk1bGU6b9SRJ2SYOx82TsswMKe4MRHnejONByy8dt+ohSrRhadH7ALY4UT33D9PrZo/+0Kx9189JMikHkhChTnXi1GxL6kUohhjz+x+jPkTyDZJRRbS1qz51C5E8g7CE60a4QxNNxJCVyMFh8hZDO1SCAZBy1+BGNbaWO+0HLkb8u4XBZPFNDXGbmsE1Meu/UWdWtr4WVpF6fpZbWNI4g7rqhhTYNckhc4k3o3J+ySY++lof2kEwMbt//z9TUfahRvJ+yA2CtaDFgA2idib5Cmll3e1wkkHY4JNWa1SH9ryqLAAaq3n1UcyetiG7PVGeBSaGjz3fYKPMvURNDtNjODS913li2t0QFiy9yPtbXe8KR2QidLyDd97e1RzaTK984q64kRuHuRO8L1Zv80gCdXjp5j/HCIq4/3Xqy64ieN0B9eaGr415wBeaAimBuXUe6uRQk5IPC14j1SEcvD9sPtPKfQiemYv6gaWm+Y2v+CqOSpmpfk3IdDWuQXxSL0QCNynl0lC1Us3s4K3ftbxmaZ8YS8g6wXEln2udNx+aUFQ7tC7BK+tScXzUDbwNGS4wEFDen3e+hJdXjclvIs9eec4iazUB9pxJt6TEvvk5hf2xl4zUcAo+eYs9ci6MGm+AysRDw8NP8e3dckAFdukEeQGLfZz/0epzJDH9banwUHAHQHwodLe1ZSh0spYTFUbr1Q1ZgCnOLhEUw+l6itQlSsvewk6lwMrl0cfgYBjHrZR0qV3qXjiIAefjiah5gUut1/tJY6iNQNp5bhQ4ccC4glolADZhq1KyugtPUY6lE3gWgtz7/ebvY/0NqGmDfV5hO9jWJPKL+qXETZyKN7Jx1g7KyBdYA8G79/BK//RA5ebt223c9cwQHcvlOhe3heh/X+jJOahaLRawPbwf7t/iBSbzcVIbSo7QAGupe560DbnKKQE78XHEl7sIoQ5lZk3A2qckHYfjWCdR+4iqfH66MJdS/+GrKAbDiIJc1F1iOQjADBVZ4RYOPCXHwwPY+h/UEr8VXtBYoaph/jeYc3Z7Gn/kXlEEpotf9Oau4l9L41zYKciRhcvDzIB0wKbmSD52dbWxBdavT3GZtOU8pj0jhpztmWF2ctk7s1+aT2YiozsjXJ0bFBdusTHR6zYSW5pr6/Y3OWPg0jIsn1oB9WiNVkf9s3XqKZszSfRGju/iRUR1bzofJdt3o8ICIV+9ZB2Jfzblvu53HKZcp5/8xSP54GHKnOOTJRl33HrXA9k7AMrL4vq8tm9SZ2lr00dPK++/9SRtvbgaJx9wb1UBogEI5fp8Aev4K3CiqN3F5hEbaPw/xhb1fKh3bXm239qaq3Ljg73MSygIuDMJTetwall0Tq4/5QO2pJmVouxyyZDhol3hMz+KWZSb7j0oaKzCujjk1xWHd8am9vpbRiTa0m8uO0SdXofEyMIcdiNcaWOmE475j5iOUtiwRgzyFqVb4/yvF4f3H1HNQK/Ajs5q/Om2dKwfouj64fLtiGmEXmgM/Gda+bdazN2OW77wUva06RKKLU4lTLZYQiYLF4VIUKXj5Jtm1msCu4LU8WDF/vSdSaUyipZDX2swuiKPXic0t8gxG0kvAAA8IoIRFyPmGr8yHu6Uzf2nnJGzxEYngQmiGIMpBwK5/6O8e9qwm3P02TqzWqGalaTZTRFP4OiqYy5D8+9S3Z8r1qQCbdt78CQsAROvTr6H+Pzl5BvP6US9+oulseA/aVLToaV4vHEsCBBo3+e5ETPe0JRuwEkbE0Rum39LmApqWmYImmQqSGa5olwXouPgR9h0+SyeXOjixwrWDa1empUJy9xqqJ006cWLYdJP/AUWv5a286cBuMtGvT81kAN9kODkatBJBoxIR13l4wCI0agzJWFU0N5KZv2mBNh70OMZMlV2mLZzxRIXURSMbygXp3culhZHC0olM7Fl2UIlG+7bjsbzIdSXHjcrqIPmKcusy8ZP8+/4nfj/+hMzSv0hnDfTwZN8Y0aqXgY8Y96HD/EX3hAACUQqgcNRV9o92vBMRAlKUD+chHiesauboVEYbuWp/gq0Bm8bCgA/b2kXjQSbtBA2pcZ5tpbc0HBPNPevfCZZQzNeYcoNBQAAAUH6VYyu+5fOLjN1XyTZ44X6e2VwPHmPBao4YDrh/OL0KjNcWnuta8/fpCAwCZL+uy2BZadMY7nN1p3J2/DmipOtLZjDOVGNEC8jumNk14HIobu5IGu9Ku7YYDt3zM68Q7lBBtqC26A7inFTsXZJ+FC2/ddaX7yKsLlCej6zm3v6yhKJDyefRfEg3TpmPiLB9rWrKp3c09C9ZXhdlejtmDS0NcfsZ/cl8MvlgmikJVbblub1/X+5vN6xmAXnRN87SdmVEfnWIY904hnVhjWhxKn+0Qp1Xrfr7cCo76Xu1NK3aUocrlF+9fpJkoSEXQclelhaKMmY/SJjnc/8dFAoT7/Lzki3gIqkX/AOUuEAmcrYuyxemngZxgnBADw4jp2KuHyIWYSRkXdfFJ3pgVlgr33y0qUnARaK/3AAAAAAbcPJSvauC4FFF5Nu/CHDodjeKZikwHdfZqqt/NnV/8TwY4MRUKI5jJSUtYGninsxnn6SmCUrw9rox50JOOQM9v26oMyMTUCcEDjHSgDkMMUYLGpUSJVI2lWga70BgAKjQRBHgSpHlvVAa/uiHZZKxrWMRrpH5pPbyCcxX0V8rCppKhJFJaHafc3VFVqmZrwIYdxkdmWKDquKwCzgAAAAAAAAAAAAAAAAAAAAAAAAABFWElGugAAAEV4aWYAAElJKgAIAAAABgASAQMAAQAAAAEAAAAaAQUAAQAAAFYAAAAbAQUAAQAAAF4AAAAoAQMAAQAAAAIAAAATAgMAAQAAAAEAAABphwQAAQAAAGYAAAAAAAAASAAAAAEAAABIAAAAAQAAAAYAAJAHAAQAAAAwMjEwAZEHAAQAAAABAgMAAKAHAAQAAAAwMTAwAaADAAEAAAD//wAAAqAEAAEAAAAABAAAA6AEAAEAAAAABAAAAAAAAA==', '2026-03-28T03:28:47.680055+00:00', '2026-05-09T18:03:03.744274+00:00', '2e962ef9-d902-46db-ba2b-1f339b12a4f3', NULL),
  ('a9c0c42f-635c-4177-b519-0ff0b1f76405', 'Tissue', NULL, '2026-03-28T03:28:47.680055+00:00', '2026-05-09T18:03:03.744274+00:00', '2e962ef9-d902-46db-ba2b-1f339b12a4f3', NULL),
  ('a9c0c42f-635c-4177-b519-0ff0b1f76404', 'Snack', NULL, '2026-03-28T03:28:47.680055+00:00', '2026-05-09T18:03:03.744274+00:00', '2e962ef9-d902-46db-ba2b-1f339b12a4f3', NULL),
  ('a9c0c42f-635c-4177-b519-0ff0b1f76403', 'Sữa đặc', 'https://akyxznfvwogxhcwocukj.supabase.co/storage/v1/object/public/product-images/products/a9c0c42f-635c-4177-b519-0ff0b1f76403/1776432032442-nspnhop1284kgmingrande-9127.jpg', '2026-03-28T03:28:47.680055+00:00', '2026-05-09T18:03:03.744274+00:00', '2e962ef9-d902-46db-ba2b-1f339b12a4f3', NULL),
  ('a9c0c42f-635c-4177-b519-0ff0b1f76406', 'Hành lá', NULL, '2026-03-28T03:28:47.680055+00:00', '2026-05-09T18:03:03.744274+00:00', '2e962ef9-d902-46db-ba2b-1f339b12a4f3', NULL),
  ('a9c0c42f-635c-4177-b519-0ff0b1f76407', 'Nước mắm', NULL, '2026-03-28T03:28:47.680055+00:00', '2026-05-09T18:03:03.744274+00:00', '2e962ef9-d902-46db-ba2b-1f339b12a4f3', NULL),
  ('a9c0c42f-635c-4177-b519-0ff0b1f76402', 'Yakurt', 'https://akyxznfvwogxhcwocukj.supabase.co/storage/v1/object/public/product-images/products/a9c0c42f-635c-4177-b519-0ff0b1f76402/1774678031274-yakult.jpg', '2026-03-28T03:28:47.680055+00:00', '2026-05-09T18:03:03.744274+00:00', '2e962ef9-d902-46db-ba2b-1f339b12a4f3', NULL)
ON CONFLICT DO NOTHING;

-- public.meal_plans: 2 rows
INSERT INTO public.meal_plans (id, user_id, week_start_date, status, created_at, updated_at)
VALUES
  ('79fd0d10-d51c-4d6d-a883-2194e2c2f4be', '2e962ef9-d902-46db-ba2b-1f339b12a4f3', '2026-05-18', 'draft', '2026-05-17T17:39:41.399942+00:00', '2026-05-23T08:19:36+00:00'),
  ('6c97babd-4e4a-4ef6-828d-e86a3194a5dd', '2e962ef9-d902-46db-ba2b-1f339b12a4f3', '2026-05-11', 'draft', '2026-05-17T14:24:51.476802+00:00', '2026-05-18T09:12:21+00:00')
ON CONFLICT DO NOTHING;

-- public.meal_plan_items: 1 rows
INSERT INTO public.meal_plan_items (id, meal_plan_id, meal_id, day_of_week, created_at)
VALUES
  ('62778b5a-38b4-4a5e-af3a-11e21bd4f5b2', '79fd0d10-d51c-4d6d-a883-2194e2c2f4be', '56a2f5cd-856d-4dbb-9df5-b13c6d0b8c07', 0, '2026-05-23T08:19:36.752553+00:00')
ON CONFLICT DO NOTHING;

-- public.shopping_lists: 2 rows
INSERT INTO public.shopping_lists (id, user_id, meal_plan_id, week_start_date, status, created_at, completed_at)
VALUES
  ('422aa7c3-e35c-489d-8ba4-e7930951766d', '2e962ef9-d902-46db-ba2b-1f339b12a4f3', '6c97babd-4e4a-4ef6-828d-e86a3194a5dd', '2026-05-11', 'active', '2026-05-17T14:47:29.133382+00:00', NULL),
  ('e4392b4f-f50b-40ab-bfe5-2639f0acf6bc', '2e962ef9-d902-46db-ba2b-1f339b12a4f3', '79fd0d10-d51c-4d6d-a883-2194e2c2f4be', '2026-05-18', 'active', '2026-05-23T08:18:31.312912+00:00', NULL)
ON CONFLICT DO NOTHING;

-- public.shopping_items: 37 rows
INSERT INTO public.shopping_items (id, shopping_list_id, name, category, source_type, source_id, is_checked, checked_at, created_at, note)
VALUES
  ('6059fd8c-d09f-481e-bcd3-b4ac01022d14', 'e4392b4f-f50b-40ab-bfe5-2639f0acf6bc', 'Thịt heo cắt lát', 'other', 'meal', 'c2e5bd31-b877-4add-a553-a082600e3b65', false, NULL, '2026-05-23T08:18:31.358801+00:00', 'Dùng cho món Thịt xào su su cà rốt'),
  ('8dc71107-e762-4c39-9e37-e4452f6f71b7', 'e4392b4f-f50b-40ab-bfe5-2639f0acf6bc', 'Su su', 'other', 'meal', 'c2e5bd31-b877-4add-a553-a082600e3b65', false, NULL, '2026-05-23T08:18:31.358801+00:00', 'Dùng cho món Thịt xào su su cà rốt'),
  ('b6630bc6-09be-40ca-b88b-fc4496edf6d2', 'e4392b4f-f50b-40ab-bfe5-2639f0acf6bc', 'Cà rốt', 'other', 'meal', 'c2e5bd31-b877-4add-a553-a082600e3b65', false, NULL, '2026-05-23T08:18:31.358801+00:00', 'Dùng cho món Thịt xào su su cà rốt'),
  ('1fec12c7-f776-4a66-ad28-5a84cb707690', 'e4392b4f-f50b-40ab-bfe5-2639f0acf6bc', 'Thịt gà', 'other', 'meal', 'fc022a0b-cb44-4dd9-9448-a4106fab3dbb', false, NULL, '2026-05-23T08:18:31.358801+00:00', 'Dùng cho món Gà chiên nước mắm'),
  ('edb4290e-c907-4071-ba96-3343dbff7b79', 'e4392b4f-f50b-40ab-bfe5-2639f0acf6bc', 'Bí ngòi', 'other', 'meal', '1e25e8ff-01f6-4960-8db4-02e6d88cc86a', false, NULL, '2026-05-23T08:18:31.358801+00:00', 'Dùng cho món Trứng xào version 1'),
  ('ebd08e81-6404-49a8-957a-eda2906a48d8', 'e4392b4f-f50b-40ab-bfe5-2639f0acf6bc', 'Su su', 'other', 'meal', '1e25e8ff-01f6-4960-8db4-02e6d88cc86a', false, NULL, '2026-05-23T08:18:31.358801+00:00', 'Dùng cho món Trứng xào version 1'),
  ('45d256ce-0275-4294-91e5-49509901ffd7', 'e4392b4f-f50b-40ab-bfe5-2639f0acf6bc', 'Trứng chiên', 'other', 'meal', '1e25e8ff-01f6-4960-8db4-02e6d88cc86a', false, NULL, '2026-05-23T08:18:31.358801+00:00', 'Dùng cho món Trứng xào version 1'),
  ('ad2570fb-9f3f-41e6-9d5b-3bb656dac253', 'e4392b4f-f50b-40ab-bfe5-2639f0acf6bc', 'Thịt bò', 'other', 'meal', 'fc04264e-0f34-432a-8732-37ec5b13f66e', false, NULL, '2026-05-23T08:18:31.358801+00:00', 'Dùng cho món Thịt bò hầm củ'),
  ('db1f32ef-bae0-44c6-a90f-b852f0bc25f6', 'e4392b4f-f50b-40ab-bfe5-2639f0acf6bc', 'cà rốt', 'other', 'meal', 'fc04264e-0f34-432a-8732-37ec5b13f66e', false, NULL, '2026-05-23T08:18:31.358801+00:00', 'Dùng cho món Thịt bò hầm củ'),
  ('37068f8e-4c1e-4628-9146-b263e15a379e', 'e4392b4f-f50b-40ab-bfe5-2639f0acf6bc', 'khoai lang', 'other', 'meal', 'fc04264e-0f34-432a-8732-37ec5b13f66e', false, NULL, '2026-05-23T08:18:31.358801+00:00', 'Dùng cho món Thịt bò hầm củ'),
  ('797b89e0-248b-4642-948d-a3692651f581', 'e4392b4f-f50b-40ab-bfe5-2639f0acf6bc', 'hành tây', 'other', 'meal', 'fc04264e-0f34-432a-8732-37ec5b13f66e', false, NULL, '2026-05-23T08:18:31.358801+00:00', 'Dùng cho món Thịt bò hầm củ'),
  ('812d873e-32d0-4c97-a8e3-fbedac3541dd', 'e4392b4f-f50b-40ab-bfe5-2639f0acf6bc', 'Cà chua', 'other', 'meal', 'e06ea7fd-b529-45a9-9407-8bffa2b03572', false, NULL, '2026-05-23T08:18:31.358801+00:00', 'Dùng cho món Canh cà chua trứng'),
  ('b1b70ea1-b2d7-4fa5-879b-481ae3a392d8', 'e4392b4f-f50b-40ab-bfe5-2639f0acf6bc', 'trứng', 'other', 'meal', 'e06ea7fd-b529-45a9-9407-8bffa2b03572', false, NULL, '2026-05-23T08:18:31.358801+00:00', 'Dùng cho món Canh cà chua trứng'),
  ('c64c9f06-5049-4374-8bbc-59699ac0025f', 'e4392b4f-f50b-40ab-bfe5-2639f0acf6bc', 'Lốc sữa', 'other', 'product', '00cd89da-dbe0-4440-a3a3-422e8d2cfdee', false, NULL, '2026-05-23T08:18:31.358801+00:00', 'Mua thêm'),
  ('3aa247d0-65aa-45f2-bb24-926f0a568117', 'e4392b4f-f50b-40ab-bfe5-2639f0acf6bc', 'Khoai', 'daily', 'product', '2433fe85-3ef5-4ffc-a8ef-c5d3892cd216', false, NULL, '2026-05-23T08:18:31.358801+00:00', 'Mua thêm'),
  ('39d7752d-fcdf-4ff6-8c23-2df5d92ab1ab', 'e4392b4f-f50b-40ab-bfe5-2639f0acf6bc', 'Coca Cola không Calo', 'other', 'product', '55410433-d322-4b80-ba3c-432d8fafc2c1', false, NULL, '2026-05-23T08:18:31.358801+00:00', 'Mua thêm'),
  ('e8cce9a2-aefc-40b2-9d23-05197c1cdd87', 'e4392b4f-f50b-40ab-bfe5-2639f0acf6bc', 'Vỉ trứng', 'other', 'product', '095a75df-23ae-424b-a12e-67b4314e51cb', false, NULL, '2026-05-23T08:18:31.358801+00:00', 'Mua thêm'),
  ('6f255de6-de7b-4ba4-8e9d-48aa47cb5fa1', 'e4392b4f-f50b-40ab-bfe5-2639f0acf6bc', 'Kem dưỡng tay', 'other', 'product', 'd577474d-c35a-4207-bc0c-8c1dfe841b65', false, NULL, '2026-05-23T08:18:31.358801+00:00', 'Mua thêm'),
  ('6fada90d-6ac5-41f0-b535-b5552af8aaa3', 'e4392b4f-f50b-40ab-bfe5-2639f0acf6bc', 'Sữa Oatside', 'other', 'product', '6737f11b-2af7-440b-addb-e3c34b5ec753', false, NULL, '2026-05-23T08:18:31.358801+00:00', 'Mua thêm'),
  ('de7e82d3-d19c-4105-a4c7-31b219469f9e', '422aa7c3-e35c-489d-8ba4-e7930951766d', 'Hộp chả rế', 'other', 'meal', 'a27bfcbd-7fe3-4872-8240-311fe185f199', false, NULL, '2026-05-17T14:47:29.224697+00:00', 'Dùng cho món Chả rế chiên'),
  ('a75a09f5-8f9e-4d43-9c09-97abb98ddc7f', '422aa7c3-e35c-489d-8ba4-e7930951766d', 'Rau', 'other', 'meal', '03213364-7b91-4db4-b07d-7be8926d0751', false, NULL, '2026-05-17T14:47:29.224697+00:00', 'Dùng cho món Rau luộc'),
  ('1d19edf0-5150-4d85-bbdb-563e407d9e20', '422aa7c3-e35c-489d-8ba4-e7930951766d', 'Thịt heo', 'other', 'meal', '646bd19e-13bd-46c9-9ddd-fe24fa8b901f', false, NULL, '2026-05-17T14:47:29.224697+00:00', 'Dùng cho món Thịt kho nấm đông cô'),
  ('38b3f361-19d4-410a-9bea-5bf2b68e5078', '422aa7c3-e35c-489d-8ba4-e7930951766d', 'Nấm đông cô', 'other', 'meal', '646bd19e-13bd-46c9-9ddd-fe24fa8b901f', false, NULL, '2026-05-17T14:47:29.224697+00:00', 'Dùng cho món Thịt kho nấm đông cô'),
  ('cd7be35a-7fc2-47ad-ad49-ebcee6aca802', '422aa7c3-e35c-489d-8ba4-e7930951766d', 'Rau', 'other', 'meal', '03213364-7b91-4db4-b07d-7be8926d0751', false, NULL, '2026-05-17T14:47:29.224697+00:00', 'Dùng cho món Rau luộc'),
  ('5ac5d0a2-7cf8-4af6-85c1-2eee24512c80', '422aa7c3-e35c-489d-8ba4-e7930951766d', 'Thịt heo', 'other', 'meal', '646bd19e-13bd-46c9-9ddd-fe24fa8b901f', false, NULL, '2026-05-17T14:47:29.224697+00:00', 'Dùng cho món Thịt kho nấm đông cô'),
  ('885772ea-88df-4e2e-a7c4-f49427ecc892', '422aa7c3-e35c-489d-8ba4-e7930951766d', 'Nấm đông cô', 'other', 'meal', '646bd19e-13bd-46c9-9ddd-fe24fa8b901f', false, NULL, '2026-05-17T14:47:29.224697+00:00', 'Dùng cho món Thịt kho nấm đông cô'),
  ('0cf9eff8-655f-421e-bf15-71a34359381a', '422aa7c3-e35c-489d-8ba4-e7930951766d', 'Bịt cơm chiên', 'other', 'meal', '454a063c-f1ec-4fea-8c73-f2c272bc3411', false, NULL, '2026-05-17T14:47:29.224697+00:00', 'Dùng cho món Cơm chiên viên châu'),
  ('4a9daec7-4be2-4e7d-af41-fd26be663a06', '422aa7c3-e35c-489d-8ba4-e7930951766d', 'lạp xưởng', 'other', 'meal', '454a063c-f1ec-4fea-8c73-f2c272bc3411', false, NULL, '2026-05-17T14:47:29.224697+00:00', 'Dùng cho món Cơm chiên viên châu'),
  ('935662e8-18da-49bb-b2a5-8e870ddc7761', '422aa7c3-e35c-489d-8ba4-e7930951766d', 'Rau muống', 'other', 'meal', 'c2201cf1-16a6-4b2d-8794-c31473a5be9e', false, NULL, '2026-05-17T14:47:29.224697+00:00', 'Dùng cho món Rau muống xào tỏi'),
  ('ad2f3179-5f6c-4c2b-85a7-39307c549fcb', '422aa7c3-e35c-489d-8ba4-e7930951766d', 'tỏi', 'other', 'meal', 'c2201cf1-16a6-4b2d-8794-c31473a5be9e', false, NULL, '2026-05-17T14:47:29.224697+00:00', 'Dùng cho món Rau muống xào tỏi'),
  ('6d7dcd82-a5fa-4023-997f-679cb2e30fb6', '422aa7c3-e35c-489d-8ba4-e7930951766d', 'Thịt gà', 'other', 'meal', 'fc022a0b-cb44-4dd9-9448-a4106fab3dbb', false, NULL, '2026-05-17T14:47:29.224697+00:00', 'Dùng cho món Gà chiên nước mắm'),
  ('128c8a02-f30b-4004-ab0b-6b0576a78db9', '422aa7c3-e35c-489d-8ba4-e7930951766d', 'Hộp rau củ ngâm mắm', 'other', 'meal', '6ab1f5c0-cc52-414b-ab04-6e9cd6907901', false, NULL, '2026-05-17T14:47:29.224697+00:00', 'Dùng cho món Rau củ ngâm mắm'),
  ('81f7f2cd-c1a8-4902-88f0-ca2ae87d4d94', 'e4392b4f-f50b-40ab-bfe5-2639f0acf6bc', 'Băng vệ sinh', 'other', 'product', '14c564a7-4ef8-495c-a251-d67e64cd233d', false, NULL, '2026-05-23T08:18:31.358801+00:00', 'Mua thêm'),
  ('bcab5c34-f982-4060-8113-a11be62314b1', 'e4392b4f-f50b-40ab-bfe5-2639f0acf6bc', 'Bánh ngũ cốc', 'other', 'product', 'ff316812-1507-4161-8160-f683528395f4', false, NULL, '2026-05-23T08:18:31.358801+00:00', 'Mua thêm'),
  ('1d1b6257-4561-496b-aeac-64f50925e44e', 'e4392b4f-f50b-40ab-bfe5-2639f0acf6bc', 'Sữa TH', 'other', 'product', 'a9c0c42f-635c-4177-b519-0ff0b1f76401', false, NULL, '2026-05-23T08:18:31.358801+00:00', 'Mua thêm'),
  ('c1ccd303-7c3b-4634-915d-4035d516618a', 'e4392b4f-f50b-40ab-bfe5-2639f0acf6bc', 'Sữa đặc', 'other', 'product', 'a9c0c42f-635c-4177-b519-0ff0b1f76403', false, NULL, '2026-05-23T08:18:31.358801+00:00', 'Mua thêm'),
  ('738604b7-3e33-4057-b6ea-e4f59d2aa89b', 'e4392b4f-f50b-40ab-bfe5-2639f0acf6bc', 'Yakurt', 'other', 'product', 'a9c0c42f-635c-4177-b519-0ff0b1f76402', false, NULL, '2026-05-23T08:18:31.358801+00:00', 'Mua thêm')
ON CONFLICT DO NOTHING;

-- GoTrue cannot scan NULL into string token columns
UPDATE auth.users SET
  confirmation_token = COALESCE(confirmation_token, ''),
  recovery_token = COALESCE(recovery_token, ''),
  email_change_token_new = COALESCE(email_change_token_new, ''),
  email_change = COALESCE(email_change, ''),
  phone_change = COALESCE(phone_change, ''),
  phone_change_token = COALESCE(phone_change_token, ''),
  email_change_token_current = COALESCE(email_change_token_current, ''),
  reauthentication_token = COALESCE(reauthentication_token, '');

SET session_replication_role = origin;
